id,원발주처,적격발주처,적격심사기준,시행일,일반건설 (원),전문건설 (원),기타건설 (원),적격평가기준_세부
1,한국철도공사(전차선),한국철도공사,별지-4,2026-03-12,,,300000000,
2,한국철도공사(전차선),한국철도공사,별지-3,2026-03-12,,,1000000000,
3,한국철도공사(전차선),한국철도공사,별지-3,2026-03-12,,,5000000000,
4,한국철도공사(전차선),한국철도공사,별지-2,2026-03-12,,,10000000000,
5,한국철도공사(전차선),한국철도공사,별지-1,2026-03-12,,,30000000000,
6,한국철도공사(고속철도-종합신호),한국철도공사,별지-4,2026-01-31,,,200000000,
7,한국철도공사(일반철도-종합신호),한국철도공사,별지-4,2026-01-31,,,200000000,
8,한국철도공사(고속철도-연동장치),한국철도공사,별지-4,2026-01-31,,,200000000,
9,한국철도공사(일반철도-연동장치),한국철도공사,별지-4,2026-01-31,,,200000000,
10,한국철도공사(고속철도-자동신호),한국철도공사,별지-4,2026-01-31,,,200000000,
11,한국철도공사(일반철도-자동신호),한국철도공사,별지-4,2026-01-31,,,200000000,
12,한국철도공사(고속철도-종합신호),한국철도공사,별지-4,2026-01-31,,,300000000,
13,한국철도공사(일반철도-종합신호),한국철도공사,별지-4,2026-01-31,,,300000000,
14,한국철도공사(고속철도-연동장치),한국철도공사,별지-4,2026-01-31,,,300000000,
15,한국철도공사(일반철도-연동장치),한국철도공사,별지-4,2026-01-31,,,300000000,
16,한국철도공사(고속철도-자동신호),한국철도공사,별지-4,2026-01-31,,,300000000,
17,한국철도공사(일반철도-자동신호),한국철도공사,별지-4,2026-01-31,,,300000000,
18,한국철도공사(고속철도-종합신호),한국철도공사,별지-3,2026-01-31,,,1000000000,
19,한국철도공사(일반철도-종합신호),한국철도공사,별지-3,2026-01-31,,,1000000000,
20,한국철도공사(고속철도-연동장치),한국철도공사,별지-3,2026-01-31,,,1000000000,
21,한국철도공사(일반철도-연동장치),한국철도공사,별지-3,2026-01-31,,,1000000000,
22,한국철도공사(고속철도-자동신호),한국철도공사,별지-3,2026-01-31,,,1000000000,
23,한국철도공사(일반철도-자동신호),한국철도공사,별지-3,2026-01-31,,,1000000000,
24,한국철도공사(고속철도-종합신호),한국철도공사,별지-3,2026-01-31,,,5000000000,
25,한국철도공사(일반철도-종합신호),한국철도공사,별지-3,2026-01-31,,,5000000000,
26,한국철도공사(고속철도-연동장치),한국철도공사,별지-3,2026-01-31,,,5000000000,
27,한국철도공사(일반철도-연동장치),한국철도공사,별지-3,2026-01-31,,,5000000000,
28,한국철도공사(고속철도-자동신호),한국철도공사,별지-3,2026-01-31,,,5000000000,
29,한국철도공사(일반철도-자동신호),한국철도공사,별지-3,2026-01-31,,,5000000000,
30,한국철도공사(고속철도-종합신호),한국철도공사,별지-2,2026-01-31,,,10000000000,
31,한국철도공사(일반철도-종합신호),한국철도공사,별지-2,2026-01-31,,,10000000000,
32,한국철도공사(고속철도-연동장치),한국철도공사,별지-2,2026-01-31,,,10000000000,
33,한국철도공사(일반철도-연동장치),한국철도공사,별지-2,2026-01-31,,,10000000000,
34,한국철도공사(고속철도-자동신호),한국철도공사,별지-2,2026-01-31,,,10000000000,
35,한국철도공사(일반철도-자동신호),한국철도공사,별지-2,2026-01-31,,,10000000000,
36,한국철도공사(간이종심제),한국철도공사,별표-1-5,2026-01-31,,,30000000000,
37,한국전력공사,한국전력공사,8천미만,2026-01-31,,,80000000,
38,한국전력공사,한국전력공사,2억미만,2026-01-31,,200000000,,
39,한국전력공사,한국전력공사,2억미만,2026-01-31,200000000,,,
40,한국전력공사,한국전력공사,3억미만,2026-01-31,,,300000000,
41,한국전력공사,한국전력공사,3억미만,2026-01-31,,300000000,,
42,한국전력공사,한국전력공사,3억미만,2026-01-31,300000000,,,
43,한국전력공사,한국전력공사,10억미만,2026-01-31,,1000000000,,
44,한국전력공사,한국전력공사,10억미만,2026-01-31,1000000000,,,
45,한국전력공사,한국전력공사,10억미만,2026-01-31,,,1000000000,
46,한국전력공사,한국전력공사,50억미만,2026-01-31,,,5000000000,
47,한국전력공사,한국전력공사,50억미만,2026-01-31,,5000000000,,
48,한국전력공사,한국전력공사,50억미만,2026-01-31,5000000000,,,
49,한국전력공사(배전),한국전력공사,3억미만,2026-02-14,,,300000000,
50,한국전력공사(배전),한국전력공사,10억미만,2026-02-14,,,1000000000,
51,한국전력공사(배전),한국전력공사,50억미만,2026-02-14,,,5000000000,
52,국가철도공단(간이종심제-전기통신),국가철도공단,별표-1-3,2025-11-30,,,30000000000,
53,국가철도공단(간이종심제-소방),국가철도공단,별표-1-3,2025-11-30,,,30000000000,
54,국가철도공단(간이종심제-철도궤도),국가철도공단,별표-1-3,2025-11-30,,30000000000,,
55,국가철도공단(간이종심제),국가철도공단,별표-1-3,2025-11-30,,30000000000,,
56,국가철도공단(간이종심제),국가철도공단,별표-1-3,2025-11-30,30000000000,,,
57,국가철도공단(종심제-고난도-전기통신),국가철도공단,별표-1-2,2025-11-30,,,50000000000,
58,국가철도공단(종심제-고난도-소방),국가철도공단,별표-1-2,2025-11-30,,,50000000000,
59,국가철도공단(종심제-고난도-철도궤도),국가철도공단,별표-1-2,2025-11-30,,50000000000,,
60,국가철도공단(종심제-고난도),국가철도공단,별표-1-2,2025-11-30,,50000000000,,
61,국가철도공단(종심제-고난도),국가철도공단,별표-1-2,2025-11-30,50000000000,,,
62,국가철도공단(종심제-고난도-전기통신),국가철도공단,별표-1-2,2025-11-30,,,100000000000,
63,국가철도공단(종심제-고난도-소방),국가철도공단,별표-1-2,2025-11-30,,,100000000000,
64,국가철도공단(종심제-고난도-철도궤도),국가철도공단,별표-1-2,2025-11-30,,100000000000,,
65,국가철도공단(종심제-고난도),국가철도공단,별표-1-2,2025-11-30,,100000000000,,
66,국가철도공단(종심제-고난도),국가철도공단,별표-1-2,2025-11-30,100000000000,,,
67,국가철도공단(종심제-고난도-전기통신),국가철도공단,별표-1-2,2025-11-30,,,900000000000,
68,국가철도공단(종심제-고난도-소방),국가철도공단,별표-1-2,2025-11-30,,,900000000000,
69,국가철도공단(종심제-고난도-철도궤도),국가철도공단,별표-1-2,2025-11-30,,900000000000,,
70,국가철도공단(종심제-고난도),국가철도공단,별표-1-2,2025-11-30,,900000000000,,
71,국가철도공단(종심제-고난도),국가철도공단,별표-1-2,2025-11-30,900000000000,,,
72,국가철도공단(종심제-전기통신),국가철도공단,별표-1-1,2025-11-30,,,50000000000,
73,국가철도공단(종심제-소방),국가철도공단,별표-1-1,2025-11-30,,,50000000000,
74,국가철도공단(종심제-철도궤도),국가철도공단,별표-1-1,2025-11-30,,50000000000,,
75,국가철도공단(종심제),국가철도공단,별표-1-1,2025-11-30,,50000000000,,
76,국가철도공단(종심제),국가철도공단,별표-1-1,2025-11-30,50000000000,,,
77,국가철도공단(종심제-전기통신),국가철도공단,별표-1-1,2025-11-30,,,100000000000,
78,국가철도공단(종심제-소방),국가철도공단,별표-1-1,2025-11-30,,,100000000000,
79,국가철도공단(종심제-철도궤도),국가철도공단,별표-1-1,2025-11-30,,100000000000,,
80,국가철도공단(종심제),국가철도공단,별표-1-1,2025-11-30,,100000000000,,
81,국가철도공단(종심제),국가철도공단,별표-1-1,2025-11-30,100000000000,,,
82,국가철도공단(종심제-전기통신),국가철도공단,별표-1-1,2025-11-30,,,900000000000,
83,국가철도공단(종심제-소방),국가철도공단,별표-1-1,2025-11-30,,,900000000000,
84,국가철도공단(종심제-철도궤도),국가철도공단,별표-1-1,2025-11-30,,900000000000,,
85,국가철도공단(종심제),국가철도공단,별표-1-1,2025-11-30,,900000000000,,
86,국가철도공단(종심제),국가철도공단,별표-1-1,2025-11-30,900000000000,,,
87,국가철도공단(PQ),국가철도공단,별표-2-2,2025-11-30,,,30000000000,
88,국가철도공단(PQ),국가철도공단,별표-2-2,2025-11-30,30000000000,,,
89,국가철도공단(PQ),국가철도공단,별표-2-2,2025-11-30,,,50000000000,
90,국가철도공단(PQ),국가철도공단,별표-2-2,2025-11-30,50000000000,,,
91,국가철도공단(PQ),국가철도공단,별표-2-2,2025-11-30,,,100000000000,
92,국가철도공단(PQ),국가철도공단,별표-2-2,2025-11-30,100000000000,,,
93,국가철도공단(PQ),국가철도공단,별표-2-2,2025-11-30,150000000000,,,
94,국가철도공단(PQ),국가철도공단,별표-2-2,2025-11-30,900000000000,,,
95,국가철도공단(PQ),국가철도공단,별표-2-1,2025-11-30,,,30000000000,
96,국가철도공단(PQ),국가철도공단,별표-2-1,2025-11-30,30000000000,,,
97,국가철도공단(PQ),국가철도공단,별표-2-1,2025-11-30,,,50000000000,
98,국가철도공단(PQ),국가철도공단,별표-2-1,2025-11-30,50000000000,,,
99,국가철도공단(PQ),국가철도공단,별표-2-1,2025-11-30,,,100000000000,
100,국가철도공단(PQ),국가철도공단,별표-2-1,2025-11-30,100000000000,,,
101,국가철도공단(PQ),국가철도공단,별표-2-1,2025-11-30,150000000000,,,
102,국가철도공단(PQ),국가철도공단,별표-2-1,2025-11-30,900000000000,,,
103,국가철도공단(소방),국가철도공단,별표-5,2025-11-30,,,100000000,
104,국가철도공단(소방),국가철도공단,별표-5,2025-11-30,,,300000000,
105,국가철도공단(소방),국가철도공단,별표-5,2025-11-30,,,1000000000,
106,국가철도공단(소방),국가철도공단,별표-5,2025-11-30,,,3000000000,
107,국가철도공단(소방),국가철도공단,별표-5,2025-11-30,,,5000000000,
108,국가철도공단(소방),국가철도공단,별표-5,2025-11-30,,,10000000000,
109,국가철도공단,국가철도공단,별표-4,2025-11-30,,100000000,,
110,국가철도공단,국가철도공단,별표-4,2025-11-30,,200000000,,
111,국가철도공단,국가철도공단,별표-4,2025-11-30,,300000000,,
112,국가철도공단,국가철도공단,별표-4,2025-11-30,,1000000000,,
113,국가철도공단,국가철도공단,별표-4,2025-11-30,,3000000000,,
114,국가철도공단,국가철도공단,별표-4,2025-11-30,,5000000000,,
115,국가철도공단,국가철도공단,별표-4,2025-11-30,,10000000000,,
116,국가철도공단,국가철도공단,별표-3,2025-11-30,,,80000000,
117,국가철도공단,국가철도공단,별표-3,2025-11-30,,,300000000,
118,국가철도공단,국가철도공단,별표-3,2025-11-30,,,1000000000,
119,국가철도공단,국가철도공단,별표-3,2025-11-30,,,5000000000,
120,국가철도공단,국가철도공단,별표-3,2025-11-30,,,10000000000,
121,국가철도공단(동일실적),국가철도공단,별표-3,2025-11-30,,,10000000000,
122,국가철도공단,국가철도공단,별표-2,2025-11-30,200000000,,,
123,국가철도공단,국가철도공단,별표-2,2025-11-30,300000000,,,
124,국가철도공단,국가철도공단,별표-2,2025-11-30,1000000000,,,
125,국가철도공단,국가철도공단,별표-2,2025-11-30,3000000000,,,
126,국가철도공단,국가철도공단,별표-2,2025-11-30,5000000000,,,
127,국가철도공단,국가철도공단,별표-2,2025-11-30,10000000000,,,
128,한국도로공사(유지보수-단가),한국도로공사,별표5,2026-01-27,200000000,200000000,80000000,
129,한국도로공사(유지보수-단가),한국도로공사,별표4,2026-01-27,300000000,300000000,300000000,
130,한국도로공사(유지보수-단가),한국도로공사,별표3,2026-01-27,1000000000,1000000000,,
131,한국도로공사(유지보수-단가),한국도로공사,별표2,2026-01-27,,,1000000000,
132,한국도로공사(유지보수-단가),한국도로공사,별표1,2026-01-27,10000000000,10000000000,10000000000,
133,한국토지주택공사(간이종심제),한국토지주택공사,별표-1-1,2026-01-25,,,15000000000,
134,한국토지주택공사(간이종심제),한국토지주택공사,별표-1-1,2026-01-25,,,30000000000,
135,한국토지주택공사(간이종심제-조경),한국토지주택공사,별표-1,2026-01-25,15000000000,,,
136,한국토지주택공사(간이종심제-조경),한국토지주택공사,별표-1,2026-01-25,30000000000,,,
137,한국토지주택공사(간이종심제),한국토지주택공사,별표-1,2026-01-25,,15000000000,,
138,한국토지주택공사(간이종심제),한국토지주택공사,별표-1,2026-01-25,,30000000000,,
139,한국토지주택공사(간이종심제),한국토지주택공사,별표-1,2026-01-25,15000000000,,,
140,한국토지주택공사(간이종심제),한국토지주택공사,별표-1,2026-01-25,30000000000,,,
141,한국토지주택공사(종심제-주거시설-외),한국토지주택공사,별표-1-1,2026-01-25,50000000000,,,
142,한국토지주택공사(종심제-주거시설-외),한국토지주택공사,별표-1-1,2026-01-25,100000000000,,,
143,한국토지주택공사(종심제-주거시설-외),한국토지주택공사,별표-1-1,2026-01-25,900000000000,,,
144,한국토지주택공사(종심제-주거시설-외-건축),한국토지주택공사,별표-1-1,2026-01-25,50000000000,,,
145,한국토지주택공사(종심제-주거시설-외-건축),한국토지주택공사,별표-1-1,2026-01-25,100000000000,,,
146,한국토지주택공사(종심제-주거시설-외-건축),한국토지주택공사,별표-1-1,2026-01-25,900000000000,,,
147,한국토지주택공사(종심제-주거시설-외-토목),한국토지주택공사,별표-1-1,2026-01-25,50000000000,,,
148,한국토지주택공사(종심제-주거시설-외-토목),한국토지주택공사,별표-1-1,2026-01-25,100000000000,,,
149,한국토지주택공사(종심제-주거시설-외-토목),한국토지주택공사,별표-1-1,2026-01-25,900000000000,,,
150,한국토지주택공사(종심제-주거시설),한국토지주택공사,별표-1-1,2026-01-25,,,50000000000,
151,한국토지주택공사(종심제-주거시설),한국토지주택공사,별표-1-1,2026-01-25,,,100000000000,
152,한국토지주택공사(종심제-주거시설),한국토지주택공사,별표-1-1,2026-01-25,50000000000,,,
153,한국토지주택공사(종심제-주거시설),한국토지주택공사,별표-1-1,2026-01-25,100000000000,,,
154,한국토지주택공사(종심제-주거시설),한국토지주택공사,별표-1-1,2026-01-25,900000000000,,,
155,한국도로공사,한국도로공사,별표-7,2026-01-25,,,80000000,
156,한국도로공사,한국도로공사,별표-7,2026-01-25,,200000000,,
157,한국도로공사,한국도로공사,별표-7,2026-01-25,200000000,,,
158,한국도로공사,한국도로공사,별표-6,2026-01-25,,,300000000,
159,한국도로공사,한국도로공사,별표-6,2026-01-25,,300000000,,
160,한국도로공사,한국도로공사,별표-6,2026-01-25,300000000,,,
161,한국도로공사,한국도로공사,별표-5,2026-01-25,,1000000000,,
162,한국도로공사,한국도로공사,별표-5,2026-01-25,1000000000,,,
163,한국도로공사,한국도로공사,별표-4,2026-01-25,,,1000000000,
164,한국도로공사,한국도로공사,별표-4,2026-01-25,,,5000000000,
165,한국도로공사,한국도로공사,별표-4,2026-01-25,,5000000000,,
166,한국도로공사,한국도로공사,별표-4,2026-01-25,5000000000,,,
167,한국도로공사,한국도로공사,별표-3,2026-01-25,,,10000000000,
168,한국도로공사,한국도로공사,별표-3,2026-01-25,,10000000000,,
169,한국도로공사(건축),한국도로공사,별표-3,2026-01-25,10000000000,,,
170,한국도로공사,한국도로공사,별표-3,2026-01-25,10000000000,,,
171,한국가스공사,한국가스공사,별지-7,2026-01-29,,,80000000,
172,한국가스공사,한국가스공사,별지-7,2026-01-29,,200000000,,
173,한국가스공사,한국가스공사,별지-7,2026-01-29,200000000,,,
174,한국가스공사,한국가스공사,별지-6,2026-01-29,,300000000,300000000,
175,한국가스공사,한국가스공사,별지-6,2026-01-29,300000000,,,
176,한국가스공사,한국가스공사,별지-5,2026-01-29,1000000000,1000000000,,
177,한국가스공사,한국가스공사,별지-4,2026-01-29,,,1000000000,
178,한국가스공사,한국가스공사,별지-4,2026-01-29,,,5000000000,
179,한국가스공사,한국가스공사,별지-4,2026-01-29,,5000000000,,
180,한국가스공사,한국가스공사,별지-4,2026-01-29,5000000000,,,
181,한국가스공사,한국가스공사,별지-3,2026-01-29,,10000000000,10000000000,
182,한국가스공사,한국가스공사,별지-3,2026-01-29,10000000000,,,
183,한국지역난방공사,한국지역난방공사,별표-1-7,2025-12-31,,,80000000,
184,한국지역난방공사,한국지역난방공사,별표-1-7,2025-12-31,,200000000,,
185,한국지역난방공사,한국지역난방공사,별표-1-7,2025-12-31,200000000,,,
186,한국지역난방공사,한국지역난방공사,별표-1-6,2025-12-31,,300000000,300000000,
187,한국지역난방공사,한국지역난방공사,별표-1-6,2025-12-31,300000000,,,
188,한국지역난방공사,한국지역난방공사,별표-1-5,2025-12-31,,1000000000,,
189,한국지역난방공사,한국지역난방공사,별표-1-5,2025-12-31,1000000000,,,
190,한국지역난방공사(열수송관공사),한국지역난방공사,별표-1-4,2025-12-31,,,1000000000,
191,한국지역난방공사,한국지역난방공사,별표-1-4,2025-12-31,,,1000000000,
192,한국지역난방공사(열수송관공사),한국지역난방공사,별표-1-4,2025-12-31,,5000000000,5000000000,
193,한국지역난방공사,한국지역난방공사,별표-1-4,2025-12-31,,5000000000,5000000000,
194,한국지역난방공사(열수송관공사),한국지역난방공사,별표-1-4,2025-12-31,5000000000,,,
195,한국지역난방공사,한국지역난방공사,별표-1-4,2025-12-31,5000000000,,,
196,한국지역난방공사(열수송관공사),한국지역난방공사,별표-1-3,2025-12-31,,10000000000,10000000000,
197,한국지역난방공사,한국지역난방공사,별표-1-3,2025-12-31,,10000000000,10000000000,
198,한국지역난방공사(열수송관공사),한국지역난방공사,별표-1-3,2025-12-31,10000000000,,,
199,한국지역난방공사,한국지역난방공사,별표-1-3,2025-12-31,10000000000,,,
200,한국농어촌공사,한국농어촌공사,별표-5,2026-01-29,,,80000000,
201,한국농어촌공사,한국농어촌공사,별표-5,2026-01-29,,200000000,,
202,한국농어촌공사,한국농어촌공사,별표-5,2026-01-29,200000000,,,
203,한국농어촌공사,한국농어촌공사,별표-4,2026-01-29,,,300000000,
204,한국농어촌공사,한국농어촌공사,별표-4,2026-01-29,,300000000,,
205,한국농어촌공사,한국농어촌공사,별표-4,2026-01-29,300000000,,,
206,한국농어촌공사,한국농어촌공사,별표-3,2026-01-29,,1000000000,,
207,한국농어촌공사,한국농어촌공사,별표-3,2026-01-29,1000000000,,,
208,한국농어촌공사,한국농어촌공사,별표-2,2026-01-29,,,1000000000,
209,한국농어촌공사,한국농어촌공사,별표-2,2026-01-29,,,5000000000,
210,한국농어촌공사,한국농어촌공사,별표-2,2026-01-29,,5000000000,,
211,한국농어촌공사,한국농어촌공사,별표-2,2026-01-29,5000000000,,,
212,한국농어촌공사,한국농어촌공사,별표-1,2026-01-29,,10000000000,10000000000,
213,한국농어촌공사,한국농어촌공사,별표-1,2026-01-29,10000000000,,,
214,한국토지주택공사(PQ-전기),한국토지주택공사,별표-4,2026-01-25,,,50000000000,
215,한국토지주택공사(PQ-전기),한국토지주택공사,별표-4,2026-01-25,,,100000000000,
216,한국토지주택공사(PQ-전기),한국토지주택공사,별표-4,2026-01-25,,,900000000000,
217,한국토지주택공사(PQ-조경),한국토지주택공사,별표-4,2026-01-25,50000000000,,,
218,한국토지주택공사(PQ-조경),한국토지주택공사,별표-4,2026-01-25,100000000000,,,
219,한국토지주택공사(PQ-조경),한국토지주택공사,별표-4,2026-01-25,900000000000,,,
220,한국토지주택공사(PQ),한국토지주택공사,별표-4,2026-01-25,50000000000,,,
221,한국토지주택공사(PQ),한국토지주택공사,별표-4,2026-01-25,100000000000,,,
222,한국토지주택공사(PQ),한국토지주택공사,별표-4,2026-01-25,900000000000,,,
223,한국토지주택공사(PQ-단지조성),한국토지주택공사,별표-4,2026-01-25,50000000000,,,
224,한국토지주택공사(PQ-단지조성),한국토지주택공사,별표-4,2026-01-25,100000000000,,,
225,한국토지주택공사(PQ-단지조성),한국토지주택공사,별표-4,2026-01-25,900000000000,,,
226,한국토지주택공사(PQ-실적제한),한국토지주택공사,별표-4,2026-01-25,50000000000,,,
227,한국토지주택공사(PQ-실적제한),한국토지주택공사,별표-4,2026-01-25,100000000000,,,
228,한국토지주택공사(PQ-실적제한),한국토지주택공사,별표-4,2026-01-25,900000000000,,,
229,한국토지주택공사(PQ-실적제한-단지조성),한국토지주택공사,별표-4,2026-01-25,50000000000,,,
230,한국토지주택공사(PQ-실적제한-단지조성),한국토지주택공사,별표-4,2026-01-25,100000000000,,,
231,한국토지주택공사(PQ-실적제한-단지조성),한국토지주택공사,별표-4,2026-01-25,900000000000,,,
232,한국토지주택공사(PQ-공동주택),한국토지주택공사,별표-3,2026-01-25,50000000000,,,
233,한국토지주택공사(PQ-공동주택),한국토지주택공사,별표-3,2026-01-25,100000000000,,,
234,한국토지주택공사(PQ-공동주택),한국토지주택공사,별표-3,2026-01-25,900000000000,,,
235,한국토지주택공사(PQ-공동주택-실적제한),한국토지주택공사,별표-3,2026-01-25,50000000000,,,
236,한국토지주택공사(PQ-공동주택-실적제한),한국토지주택공사,별표-3,2026-01-25,100000000000,,,
237,한국토지주택공사(PQ-공동주택-실적제한),한국토지주택공사,별표-3,2026-01-25,900000000000,,,
238,한국토지주택공사(PQ-고난도),한국토지주택공사,별표-2,2026-01-25,50000000000,,,
239,한국토지주택공사(PQ-고난도),한국토지주택공사,별표-2,2026-01-25,100000000000,,,
240,한국토지주택공사(PQ-고난도),한국토지주택공사,별표-2,2026-01-25,900000000000,,,
241,한국토지주택공사,한국토지주택공사,별표-6,2026-01-25,,,80000000,
242,한국토지주택공사,한국토지주택공사,별표-6,2026-01-25,,100000000,,
243,한국토지주택공사,한국토지주택공사,별표-6,2026-01-25,,200000000,,
244,한국토지주택공사,한국토지주택공사,별표-6,2026-01-25,100000000,,,
245,한국토지주택공사,한국토지주택공사,별표-6,2026-01-25,200000000,,,
246,한국토지주택공사,한국토지주택공사,별표-5,2026-01-25,,,100000000,
247,한국토지주택공사,한국토지주택공사,별표-5,2026-01-25,,,300000000,
248,한국토지주택공사,한국토지주택공사,별표-5,2026-01-25,,300000000,,
249,한국토지주택공사,한국토지주택공사,별표-5,2026-01-25,300000000,,,
250,한국토지주택공사,한국토지주택공사,별표-4,2026-01-25,,1000000000,,
251,한국토지주택공사,한국토지주택공사,별표-4,2026-01-25,1000000000,,,
252,한국토지주택공사,한국토지주택공사,별표-3,2026-01-25,,,1000000000,
253,한국토지주택공사,한국토지주택공사,별표-3,2026-01-25,,,5000000000,
254,한국토지주택공사,한국토지주택공사,별표-3,2026-01-25,,5000000000,,
255,한국토지주택공사,한국토지주택공사,별표-3,2026-01-25,5000000000,,,
256,한국토지주택공사(소방),한국토지주택공사,별표-2,2026-01-25,,,10000000000,
257,한국토지주택공사,한국토지주택공사,별표-2,2026-01-25,,,10000000000,
258,한국토지주택공사,한국토지주택공사,별표-2,2026-01-25,,10000000000,,
259,한국토지주택공사(조경),한국토지주택공사,별표-2,2026-01-25,10000000000,,,
260,한국토지주택공사,한국토지주택공사,별표-2,2026-01-25,10000000000,,,
261,한국토지주택공사(건축),한국토지주택공사,별표-2,2026-01-25,10000000000,,,
262,한국토지주택공사(단지조성),한국토지주택공사,별표-2,2026-01-25,10000000000,,,
263,행자부(재난),행자부,별표-11,2025-06-30,400000000,400000000,400000000,
264,행자부(재난),행자부,별표-10,2025-06-30,500000000,500000000,500000000,
265,행자부(재난),행자부,별표-10,2025-06-30,1000000000,1000000000,1000000000,
266,행자부(재난),행자부,별표-9,2025-06-30,3000000000,,,
267,행자부(재난),행자부,별표-9,2025-06-30,,3000000000,3000000000,
268,행자부(재난),행자부,별표-9,2025-06-30,5000000000,,,
269,행자부(재난),행자부,별표-9,2025-06-30,,5000000000,5000000000,
270,행자부(재난),행자부,별표-8,2025-06-30,,,7000000000,
271,행자부(재난),행자부,별표-8,2025-06-30,,7000000000,,
272,행자부(재난),행자부,별표-8,2025-06-30,7000000000,,,
273,행자부,행자부,별표-7,2025-06-30,,200000000,200000000,
274,행자부,행자부,별표-7,2025-06-30,200000000,,,
275,행자부,행자부,별표-6,2025-06-30,,400000000,400000000,
276,행자부,행자부,별표-6,2025-06-30,400000000,,,
277,행자부,행자부,별표-5,2025-06-30,500000000,500000000,,
278,행자부,행자부,별표-5,2025-06-30,1000000000,1000000000,1000000000,
279,행자부,행자부,별표-4,2025-06-30,,3000000000,3000000000,
280,행자부,행자부,별표-4,2025-06-30,3000000000,,,
281,행자부,행자부,별표-3,2025-06-30,,,5000000000,
282,행자부,행자부,별표-3,2025-06-30,,5000000000,,
283,행자부,행자부,별표-3,2025-06-30,5000000000,,,
284,행자부,행자부,별표-2,2025-06-30,,,10000000000,
285,행자부,행자부,별표-2,2025-06-30,,10000000000,,
286,행자부,행자부,별표-2,2025-06-30,10000000000,,,
287,행자부,행자부,별표-1,2025-06-30,,,30000000000,
288,행자부,행자부,별표-1,2025-06-30,,30000000000,,
289,행자부,행자부,별표-1,2025-06-30,30000000000,,,
290,행자부(동일실적),행자부,별표-1,2025-06-30,30000000000,,,
291,행자부(PQ),행자부,유형-1,2025-06-30,900000000000,,,
292,행자부(PQ-토목),행자부,유형-1,2025-06-30,900000000000,,,
293,행자부(PQ),행자부,유형-2,2025-06-30,900000000000,,,
294,행자부(PQ-토목),행자부,유형-2,2025-06-30,900000000000,,,
295,행자부(PQ),행자부,유형-3,2025-06-30,900000000000,,,
296,행자부(PQ-토목),행자부,유형-3,2025-06-30,900000000000,,,
297,행자부(PQ-적격),행자부,제7절,2025-06-30,30000000000,,,
298,행자부(PQ-토목-적격),행자부,제7절,2025-06-30,30000000000,,,
299,행자부(적격성심사),행자부,유형-1,2025-06-30,50000000000,50000000000,50000000000,
300,행자부(종합평가),행자부,유형-1,2025-06-30,50000000000,50000000000,50000000000,
301,행자부(종합평가-토목),행자부,유형-1,2025-06-30,50000000000,,,
302,행자부(적격성심사),행자부,유형-1,2025-06-30,100000000000,100000000000,100000000000,
303,행자부(종합평가),행자부,유형-1,2025-06-30,100000000000,100000000000,100000000000,
304,행자부(종합평가-토목),행자부,유형-1,2025-06-30,100000000000,,,
305,행자부(적격성심사),행자부,유형-1,2025-06-30,900000000000,900000000000,900000000000,
306,행자부(종합평가),행자부,유형-1,2025-06-30,900000000000,900000000000,900000000000,
307,행자부(종합평가-토목),행자부,유형-1,2025-06-30,900000000000,,,
308,행자부(적격성심사),행자부,유형-2,2025-06-30,50000000000,50000000000,50000000000,
309,행자부(종합평가),행자부,유형-2,2025-06-30,50000000000,50000000000,50000000000,
310,행자부(종합평가-토목),행자부,유형-2,2025-06-30,50000000000,,,
311,행자부(적격성심사),행자부,유형-2,2025-06-30,100000000000,100000000000,100000000000,
312,행자부(종합평가),행자부,유형-2,2025-06-30,100000000000,100000000000,100000000000,
313,행자부(종합평가-토목),행자부,유형-2,2025-06-30,100000000000,,,
314,행자부(적격성심사),행자부,유형-2,2025-06-30,900000000000,900000000000,900000000000,
315,행자부(종합평가),행자부,유형-2,2025-06-30,900000000000,900000000000,900000000000,
316,행자부(종합평가-토목),행자부,유형-2,2025-06-30,900000000000,,,
317,행자부(적격성심사),행자부,유형-3,2025-06-30,50000000000,50000000000,50000000000,
318,행자부(종합평가),행자부,유형-3,2025-06-30,50000000000,50000000000,50000000000,
319,행자부(종합평가-토목),행자부,유형-3,2025-06-30,50000000000,,,
320,행자부(적격성심사),행자부,유형-3,2025-06-30,100000000000,100000000000,100000000000,
321,행자부(종합평가),행자부,유형-3,2025-06-30,100000000000,100000000000,100000000000,
322,행자부(종합평가-토목),행자부,유형-3,2025-06-30,100000000000,,,
323,행자부(적격성심사),행자부,유형-3,2025-06-30,900000000000,900000000000,900000000000,
324,행자부(종합평가),행자부,유형-3,2025-06-30,900000000000,900000000000,900000000000,
325,행자부(종합평가-토목),행자부,유형-3,2025-06-30,900000000000,,,
326,조달청,조달청,별표-5,2026-01-29,,,80000000,
327,조달청,조달청,별표-5,2026-01-29,,200000000,,
328,조달청,조달청,별표-5,2026-01-29,200000000,,,
329,조달청,조달청,별표-4,2026-01-29,,,300000000,
330,조달청,조달청,별표-4,2026-01-29,,300000000,,
331,조달청,조달청,별표-4,2026-01-29,300000000,,,
332,조달청,조달청,별표-3,2026-01-29,,1000000000,,
333,조달청,조달청,별표-3,2026-01-29,1000000000,,,
334,조달청,조달청,별표-2,2026-01-29,,,1000000000,
335,조달청,조달청,별표-2,2026-01-29,,,5000000000,
336,조달청,조달청,별표-2,2026-01-29,,5000000000,,
337,조달청,조달청,별표-2,2026-01-29,5000000000,,,
338,조달청,조달청,별표-1,2026-01-29,,,10000000000,
339,조달청,조달청,별표-1,2026-01-29,,10000000000,,
340,조달청,조달청,별표-1,2026-01-29,10000000000,,,
341,조달청(등급),조달청,별표-1,2026-01-29,10000000000,,,
342,조달청(PQ-고난도),조달청,별표-2-1,2025-06-26,30000000000,,,
343,조달청(PQ-고난도),조달청,별표-2-1,2025-06-26,50000000000,,,
344,조달청(PQ-고난도),조달청,별표-2-1,2025-06-26,100000000000,,,
345,조달청(PQ-고난도),조달청,별표-2-1,2025-06-26,150000000000,,,
346,조달청(PQ-고난도),조달청,별표-2-1,2025-06-26,900000000000,,,
347,조달청(PQ-고난도-지역의무),조달청,별표-2-2,2025-06-26,30000000000,,,
348,조달청(PQ-고난도-지역의무),조달청,별표-2-2,2025-06-26,50000000000,,,
349,조달청(PQ-고난도-지역의무),조달청,별표-2-2,2025-06-26,100000000000,,,
350,조달청(PQ-고난도-지역의무),조달청,별표-2-2,2025-06-26,150000000000,,,
351,조달청(PQ-고난도-지역의무),조달청,별표-2-2,2025-06-26,900000000000,,,
352,조달청(PQ-실적제한),조달청,별표-2-3,2025-06-26,30000000000,30000000000,30000000000,
353,조달청(PQ-실적제한),조달청,별표-2-3,2025-06-26,50000000000,50000000000,50000000000,
354,조달청(PQ-실적제한),조달청,별표-2-3,2025-06-26,150000000000,150000000000,150000000000,
355,조달청(PQ-실적제한),조달청,별표-2-3,2025-06-26,900000000000,900000000000,900000000000,
356,조달청(PQ-실적제한-지역의무),조달청,별표-2-4,2025-06-26,30000000000,30000000000,30000000000,
357,조달청(PQ-실적제한-지역의무),조달청,별표-2-4,2025-06-26,50000000000,50000000000,50000000000,
358,조달청(PQ-실적제한-지역의무),조달청,별표-2-4,2025-06-26,150000000000,150000000000,150000000000,
359,조달청(PQ-실적제한-지역의무),조달청,별표-2-4,2025-06-26,900000000000,900000000000,900000000000,
360,조달청(PQ-건축),조달청,별표-2-5,2025-06-26,50000000000,,,
361,조달청(PQ-건축),조달청,별표-2-5,2025-06-26,150000000000,,,
362,조달청(PQ-건축),조달청,별표-2-5,2025-06-26,900000000000,,,
363,조달청(PQ-토목),조달청,별표-2-5,2025-06-26,50000000000,,,
364,조달청(PQ-토목),조달청,별표-2-5,2025-06-26,150000000000,,,
365,조달청(PQ-토목),조달청,별표-2-5,2025-06-26,900000000000,,,
366,조달청(PQ-조경),조달청,별표-2-5,2025-06-26,50000000000,,,
367,조달청(PQ-조경),조달청,별표-2-5,2025-06-26,150000000000,,,
368,조달청(PQ-조경),조달청,별표-2-5,2025-06-26,900000000000,,,
369,조달청(PQ),조달청,별표-2-5,2025-06-26,50000000000,50000000000,50000000000,
370,조달청(PQ),조달청,별표-2-5,2025-06-26,150000000000,150000000000,150000000000,
371,조달청(PQ),조달청,별표-2-5,2025-06-26,900000000000,900000000000,900000000000,
372,조달청(PQ-지역의무-건축),조달청,별표-2-6,2025-06-26,50000000000,,,
373,조달청(PQ-지역의무-건축),조달청,별표-2-6,2025-06-26,150000000000,,,
374,조달청(PQ-지역의무-건축),조달청,별표-2-6,2025-06-26,900000000000,,,
375,조달청(PQ-지역의무-토목),조달청,별표-2-6,2025-06-26,50000000000,,,
376,조달청(PQ-지역의무-토목),조달청,별표-2-6,2025-06-26,150000000000,,,
377,조달청(PQ-지역의무-토목),조달청,별표-2-6,2025-06-26,900000000000,,,
378,조달청(PQ-지역의무-조경),조달청,별표-2-6,2025-06-26,50000000000,,,
379,조달청(PQ-지역의무-조경),조달청,별표-2-6,2025-06-26,150000000000,,,
380,조달청(PQ-지역의무-조경),조달청,별표-2-6,2025-06-26,900000000000,,,
381,조달청(PQ-지역의무),조달청,별표-2-6,2025-06-26,50000000000,50000000000,50000000000,
382,조달청(PQ-지역의무),조달청,별표-2-6,2025-06-26,150000000000,150000000000,150000000000,
383,조달청(PQ-지역의무),조달청,별표-2-6,2025-06-26,900000000000,900000000000,900000000000,
384,조달청(PQ-공공주택),조달청,별표-1-1,2025-06-26,50000000000,,,
385,조달청(PQ-공공주택),조달청,별표-1-1,2025-06-26,100000000000,,,
386,조달청(PQ-공공주택),조달청,별표-1-1,2025-06-26,150000000000,,,
387,조달청(PQ-공공주택),조달청,별표-1-1,2025-06-26,900000000000,,,
388,조달청(PQ-지역의무-공공주택),조달청,별표-1-2,2025-06-26,50000000000,,,
389,조달청(PQ-지역의무-공공주택),조달청,별표-1-2,2025-06-26,100000000000,,,
390,조달청(PQ-지역의무-공공주택),조달청,별표-1-2,2025-06-26,150000000000,,,
391,조달청(PQ-지역의무-공공주택),조달청,별표-1-2,2025-06-26,900000000000,,,
392,한국전력공사(PQ),한국전력공사,별표,2025-09-14,50000000000,,,
393,한국전력공사(PQ),한국전력공사,별표,2025-09-14,900000000000,,,
394,한국전력공사(PQ-고난도-전력구),한국전력공사,별표,2025-09-14,50000000000,,,
395,한국전력공사(PQ-고난도-전력구),한국전력공사,별표,2025-09-14,900000000000,,,
396,한국전력공사(PQ-전력구),한국전력공사,별표,2025-09-14,50000000000,,,
397,한국전력공사(PQ-전력구),한국전력공사,별표,2025-09-14,900000000000,,,
398,한국전력공사(PQ-가공송전),한국전력공사,별표,2025-09-14,,,50000000000,
399,한국전력공사(PQ-가공송전),한국전력공사,별표,2025-09-14,,,900000000000,
400,한국전력공사(간이종심제),한국전력공사,별표-13-3,2024-04-14,20000000000,,,
401,한국전력공사(간이종심제),한국전력공사,별표-13-3,2024-04-14,30000000000,,,
402,한국전력공사(종심제-고난도),한국전력공사,별표-13-2,2024-04-14,50000000000,,,
403,한국전력공사(종심제-고난도),한국전력공사,별표-13-2,2024-04-14,100000000000,,,
404,한국전력공사(종심제-고난도),한국전력공사,별표-13-2,2024-04-14,900000000000,,,
405,한국전력공사(종심제),한국전력공사,별표-13-1,2024-04-14,50000000000,,,
406,한국전력공사(종심제),한국전력공사,별표-13-1,2024-04-14,100000000000,,,
407,한국전력공사(종심제),한국전력공사,별표-13-1,2024-04-14,900000000000,,,
408,한국전력공사(간이종심제-전력구),한국전력공사,별표-7-3,2024-04-14,20000000000,,,
409,한국전력공사(간이종심제-전력구),한국전력공사,별표-7-3,2024-04-14,30000000000,,,
410,한국전력공사(종심제-고난도-전력구),한국전력공사,별표-7-2,2024-04-14,50000000000,,,
411,한국전력공사(종심제-고난도-전력구),한국전력공사,별표-7-2,2024-04-14,100000000000,,,
412,한국전력공사(종심제-고난도-전력구),한국전력공사,별표-7-2,2024-04-14,900000000000,,,
413,한국전력공사(종심제-전력구),한국전력공사,별표-7-1,2024-04-14,50000000000,,,
414,한국전력공사(종심제-전력구),한국전력공사,별표-7-1,2024-04-14,100000000000,,,
415,한국전력공사(종심제-전력구),한국전력공사,별표-7-1,2024-04-14,900000000000,,,
416,한국전력공사(간이종심제-가공송전),한국전력공사,별표-1-3,2024-04-14,,,20000000000,
417,한국전력공사(간이종심제-가공송전),한국전력공사,별표-1-3,2024-04-14,,,30000000000,
418,한국전력공사(종심제-고난도-가공송전),한국전력공사,별표-1-2,2024-04-14,,,50000000000,
419,한국전력공사(종심제-고난도-가공송전),한국전력공사,별표-1-2,2024-04-14,,,100000000000,
420,한국전력공사(종심제-고난도-가공송전),한국전력공사,별표-1-2,2024-04-14,,,900000000000,
421,한국전력공사(종심제-가공송전),한국전력공사,별표-1-1,2024-04-14,,,50000000000,
422,한국전력공사(종심제-가공송전),한국전력공사,별표-1-1,2024-04-14,,,100000000000,
423,한국전력공사(종심제-가공송전),한국전력공사,별표-1-1,2024-04-14,,,900000000000,
424,한국전력공사(전력구),한국전력공사,10억미만,2024-12-31,1000000000,,,
425,한국전력공사(전력구),한국전력공사,50억미만,2024-12-31,5000000000,,,
426,한국전력공사(전력구),한국전력공사,100억미만,2024-12-31,10000000000,,,
427,한국전력공사(가공송전),한국전력공사,3억미만,2025-07-31,,,300000000,
428,한국전력공사(가공송전),한국전력공사,10억미만,2025-07-31,,,1000000000,
429,한국전력공사(가공송전),한국전력공사,50억미만,2025-07-31,,,5000000000,
430,한국전력공사(가공송전),한국전력공사,100억미만,2025-07-31,,,10000000000,
431,한국전력공사(변전건설),한국전력공사,8천미만,2025-06-30,,,80000000,
432,한국전력공사(변전건설),한국전력공사,3억미만,2025-06-30,,,300000000,
433,한국전력공사(변전건설),한국전력공사,10억미만,2023-11-30,,,1000000000,
434,한국전력공사(변전건설),한국전력공사,50억미만,2023-11-30,,,5000000000,
435,한국전력공사(변전건설),한국전력공사,100억미만,2023-11-30,,,10000000000,
436,한국전력공사(변전기자재),한국전력공사,8천미만,2025-06-30,,,80000000,
437,한국전력공사(변전기자재),한국전력공사,3억미만,2025-06-30,,,300000000,
438,한국전력공사(변전기자재),한국전력공사,10억미만,2025-06-30,,,1000000000,
439,한국전력공사(변전기자재),한국전력공사,50억미만,2025-06-30,,,5000000000,
440,한국전력공사(변전기자재),한국전력공사,100억미만,2025-06-30,,,10000000000,
441,한국전력공사(배전),한국전력공사,8천미만,2025-06-30,,,80000000,
442,한국전력공사(배전),한국전력공사,100억미만,2025-06-30,,,10000000000,
443,한국전력공사(지중송전),한국전력공사,10억미만,2025-06-30,,,1000000000,
444,한국전력공사(지중송전),한국전력공사,50억미만,2025-06-30,,,5000000000,
445,한국전력공사(지중송전),한국전력공사,100억미만,2025-06-30,,,10000000000,
446,한국전력공사(압입),한국전력공사,3억미만,2022-07-31,300000000,300000000,300000000,
447,한국전력공사(압입),한국전력공사,10억미만,2025-01-31,1000000000,1000000000,1000000000,
448,한국전력공사(압입),한국전력공사,50억미만,2025-01-31,5000000000,5000000000,5000000000,
449,한국전력공사(배전운영위탁),한국전력공사,10억미만,2025-07-31,,,1000000000,
450,한국전력공사(배전운영위탁),한국전력공사,50억미만,2025-07-31,,,5000000000,
451,국방부,국방부,별지-7,2025-06-10,,,80000000,
452,국방부,국방부,별지-7,2025-06-10,,200000000,,
453,국방부,국방부,별지-7,2025-06-10,200000000,,,
454,국방부,국방부,별지-6,2025-06-10,300000000,,,
455,국방부,국방부,별지-6,2025-06-10,,300000000,300000000,
456,국방부,국방부,별지-5,2025-06-10,,1000000000,,
457,국방부,국방부,별지-5,2025-06-10,1000000000,,,
458,국방부,국방부,별지-4,2025-06-10,,,1000000000,
459,국방부,국방부,별지-4,2025-06-10,,5000000000,5000000000,
460,국방부,국방부,별지-4,2025-06-10,5000000000,,,
461,국방부,국방부,별지-3,2025-06-10,,10000000000,10000000000,
462,국방부,국방부,별지-3,2025-06-10,10000000000,,,
463,한국수자원공사,한국수자원공사,별표-7,2024-11-25,,,80000000,
464,한국수자원공사,한국수자원공사,별표-7,2024-11-25,,200000000,,
465,한국수자원공사,한국수자원공사,별표-7,2024-11-25,200000000,,,
466,한국수자원공사,한국수자원공사,별표-6,2024-11-25,,300000000,300000000,
467,한국수자원공사,한국수자원공사,별표-6,2024-11-25,300000000,,,
468,한국수자원공사,한국수자원공사,별표-5,2024-11-25,,1000000000,,
469,한국수자원공사,한국수자원공사,별표-5,2024-11-25,1000000000,,,
470,한국수자원공사,한국수자원공사,별표-4,2024-11-25,,,1000000000,
471,한국수자원공사,한국수자원공사,별표-4,2024-11-25,,5000000000,5000000000,
472,한국수자원공사,한국수자원공사,별표-4,2024-11-25,5000000000,,,
473,한국수자원공사,한국수자원공사,별표-3,2024-11-25,,10000000000,10000000000,
474,한국수자원공사,한국수자원공사,별표-3,2024-11-25,10000000000,,,
475,한국공항공사,한국공항공사,별표-5,2024-03-21,,,80000000,
476,한국공항공사,한국공항공사,별표-5,2024-03-21,,200000000,,
477,한국공항공사,한국공항공사,별표-5,2024-03-21,200000000,,,
478,한국공항공사,한국공항공사,별표-4,2024-03-21,,300000000,300000000,
479,한국공항공사,한국공항공사,별표-4,2024-03-21,300000000,,,
480,한국공항공사,한국공항공사,별표-3,2024-03-21,,1000000000,,
481,한국공항공사,한국공항공사,별표-3,2024-03-21,1000000000,,,
482,한국공항공사,한국공항공사,별표-2,2024-03-21,,,1000000000,
483,한국공항공사,한국공항공사,별표-2,2024-03-21,,5000000000,5000000000,
484,한국공항공사,한국공항공사,별표-2,2024-03-21,5000000000,,,
485,한국공항공사,한국공항공사,별표-1,2024-03-21,,,10000000000,
486,한국공항공사,한국공항공사,별표-1,2024-03-21,,10000000000,,
487,한국공항공사,한국공항공사,별표-1,2024-03-21,10000000000,,,
488,한국석유공사,한국석유공사,별지-7,2022-12-25,,,80000000,
489,한국석유공사,한국석유공사,별지-7,2022-12-25,,200000000,,
490,한국석유공사,한국석유공사,별지-7,2022-12-25,200000000,,,
491,한국석유공사,한국석유공사,별지-6,2022-12-25,,300000000,300000000,
492,한국석유공사,한국석유공사,별지-6,2022-12-25,300000000,,,
493,한국석유공사,한국석유공사,별지-5,2022-12-25,,1000000000,,
494,한국석유공사,한국석유공사,별지-5,2022-12-25,1000000000,,,
495,한국석유공사,한국석유공사,별지-4,2022-12-25,,,1000000000,
496,한국석유공사,한국석유공사,별지-4,2022-12-25,,5000000000,5000000000,
497,한국석유공사,한국석유공사,별지-4,2022-12-25,5000000000,,,
498,한국석유공사,한국석유공사,별지-3,2022-12-25,,10000000000,10000000000,
499,한국석유공사,한국석유공사,별지-3,2022-12-25,10000000000,,,
500,한국수력원자력,한국수력원자력,별표-10,2025-04-30,,,80000000,
501,한국수력원자력,한국수력원자력,별표-9,2025-04-30,,,300000000,
502,한국수력원자력,한국수력원자력,별표-8,2025-04-30,,,1000000000,
503,한국수력원자력,한국수력원자력,별표-7,2025-04-30,,,3000000000,
504,한국수력원자력,한국수력원자력,별표-7,2025-04-30,,,5000000000,
505,한국수력원자력,한국수력원자력,별표-6,2025-04-30,,,10000000000,
506,한국수력원자력,한국수력원자력,별표-1-전문,2025-04-30,,100000000,,
507,한국수력원자력,한국수력원자력,별표-1-전문,2025-04-30,,200000000,,
508,한국수력원자력,한국수력원자력,별표-1-전문,2025-04-30,,300000000,,
509,한국수력원자력,한국수력원자력,별표-1-전문,2025-04-30,,1000000000,,
510,한국수력원자력,한국수력원자력,별표-1-전문,2025-04-30,,3000000000,,
511,한국수력원자력,한국수력원자력,별표-1-전문,2025-04-30,,5000000000,,
512,한국수력원자력,한국수력원자력,별표-1-전문,2025-04-30,,8300000000,,
513,한국수력원자력,한국수력원자력,별표-1-전문,2025-04-30,,10000000000,,
514,한국수력원자력,한국수력원자력,별표-5-일반,2025-04-30,200000000,,,
515,한국수력원자력,한국수력원자력,별표-5-일반,2025-04-30,300000000,,,
516,한국수력원자력,한국수력원자력,별표-5-일반,2025-04-30,1000000000,,,
517,한국수력원자력,한국수력원자력,별표-5-일반,2025-04-30,3000000000,,,
518,한국수력원자력,한국수력원자력,별표-5-일반,2025-04-30,5000000000,,,
519,한국수력원자력,한국수력원자력,별표-5-일반,2025-04-30,8300000000,,,
520,한국수력원자력,한국수력원자력,별표-5-일반,2025-04-30,10000000000,,,
521,한국농어촌공사(PQ-지역의무),한국농어촌공사,별표-3-3,2024-06-19,50000000000,,,
522,한국농어촌공사(PQ-지역의무),한국농어촌공사,별표-3-3,2024-06-19,100000000000,,,
523,한국농어촌공사(PQ-지역의무),한국농어촌공사,별표-3-3,2024-06-19,150000000000,,,
524,한국농어촌공사(PQ-지역의무),한국농어촌공사,별표-3-3,2024-06-19,900000000000,,,
525,한국농어촌공사(PQ),한국농어촌공사,별표-3-1,2024-06-19,50000000000,,,
526,한국농어촌공사(PQ),한국농어촌공사,별표-3-1,2024-06-19,100000000000,,,
527,한국농어촌공사(PQ),한국농어촌공사,별표-3-1,2024-06-19,150000000000,,,
528,한국농어촌공사(PQ),한국농어촌공사,별표-3-1,2024-06-19,900000000000,,,
529,한국농어촌공사(PQ-고난도-지역의무),한국농어촌공사,별표-2-2,2024-06-19,50000000000,,,
530,한국농어촌공사(PQ-고난도-지역의무),한국농어촌공사,별표-2-2,2024-06-19,100000000000,,,
531,한국농어촌공사(PQ-고난도-지역의무),한국농어촌공사,별표-2-2,2024-06-19,150000000000,,,
532,한국농어촌공사(PQ-고난도-지역의무),한국농어촌공사,별표-2-2,2024-06-19,900000000000,,,
533,한국농어촌공사(PQ-고난도-준설),한국농어촌공사,별표-2-1,2024-06-19,50000000000,,,
534,한국농어촌공사(PQ-고난도-준설),한국농어촌공사,별표-2-1,2024-06-19,100000000000,,,
535,한국농어촌공사(PQ-고난도-준설),한국농어촌공사,별표-2-1,2024-06-19,150000000000,,,
536,한국농어촌공사(PQ-고난도-준설),한국농어촌공사,별표-2-1,2024-06-19,900000000000,,,
537,한국농어촌공사(PQ-고난도),한국농어촌공사,별표-2-1,2024-06-19,50000000000,,,
538,한국농어촌공사(PQ-고난도),한국농어촌공사,별표-2-1,2024-06-19,100000000000,,,
539,한국농어촌공사(PQ-고난도),한국농어촌공사,별표-2-1,2024-06-19,150000000000,,,
540,한국농어촌공사(PQ-고난도),한국농어촌공사,별표-2-1,2024-06-19,900000000000,,,
541,한국도로공사(PQ-안전평가),한국도로공사,별표-3-4,2024-11-13,50000000000,,,
542,한국도로공사(PQ-안전평가),한국도로공사,별표-3-4,2024-11-13,100000000000,,,
543,한국도로공사(PQ-안전평가),한국도로공사,별표-3-4,2024-11-13,150000000000,,,
544,한국도로공사(PQ-안전평가),한국도로공사,별표-3-4,2024-11-13,900000000000,,,
545,한국도로공사(PQ),한국도로공사,별표-3-2,2024-11-13,50000000000,,,
546,한국도로공사(PQ),한국도로공사,별표-3-2,2024-11-13,100000000000,,,
547,한국도로공사(PQ),한국도로공사,별표-3-2,2024-11-13,150000000000,,,
548,한국도로공사(PQ),한국도로공사,별표-3-2,2024-11-13,900000000000,,,
549,한국도로공사(PQ-실적제한-지역의무-안전평가),한국도로공사,별표-3-4,2024-11-13,50000000000,,,
550,한국도로공사(PQ-실적제한-지역의무-안전평가),한국도로공사,별표-3-4,2024-11-13,100000000000,,,
551,한국도로공사(PQ-실적제한-지역의무-안전평가),한국도로공사,별표-3-4,2024-11-13,150000000000,,,
552,한국도로공사(PQ-실적제한-지역의무-안전평가),한국도로공사,별표-3-4,2024-11-13,900000000000,,,
553,한국도로공사(PQ-실적제한-지역의무),한국도로공사,별표-3-2,2024-11-13,50000000000,,,
554,한국도로공사(PQ-실적제한-지역의무),한국도로공사,별표-3-2,2024-11-13,100000000000,,,
555,한국도로공사(PQ-실적제한-지역의무),한국도로공사,별표-3-2,2024-11-13,150000000000,,,
556,한국도로공사(PQ-실적제한-지역의무),한국도로공사,별표-3-2,2024-11-13,900000000000,,,
557,한국도로공사(PQ-실적제한-안전평가),한국도로공사,별표-3-4,2024-11-13,50000000000,,,
558,한국도로공사(PQ-실적제한-안전평가),한국도로공사,별표-3-4,2024-11-13,100000000000,,,
559,한국도로공사(PQ-실적제한-안전평가),한국도로공사,별표-3-4,2024-11-13,150000000000,,,
560,한국도로공사(PQ-실적제한-안전평가),한국도로공사,별표-3-4,2024-11-13,900000000000,,,
561,한국도로공사(PQ-실적제한),한국도로공사,별표-3-2,2024-11-13,50000000000,,,
562,한국도로공사(PQ-실적제한),한국도로공사,별표-3-2,2024-11-13,100000000000,,,
563,한국도로공사(PQ-실적제한),한국도로공사,별표-3-2,2024-11-13,150000000000,,,
564,한국도로공사(PQ-실적제한),한국도로공사,별표-3-2,2024-11-13,900000000000,,,
565,한국도로공사(PQ-고난도-지역의무-안전평가),한국도로공사,별표-3-3,2024-11-13,50000000000,,,
566,한국도로공사(PQ-고난도-지역의무-안전평가),한국도로공사,별표-3-3,2024-11-13,100000000000,,,
567,한국도로공사(PQ-고난도-지역의무-안전평가),한국도로공사,별표-3-3,2024-11-13,150000000000,,,
568,한국도로공사(PQ-고난도-지역의무-안전평가),한국도로공사,별표-3-3,2024-11-13,900000000000,,,
569,한국도로공사(PQ-고난도-지역의무),한국도로공사,별표-3-1,2024-11-13,50000000000,,,
570,한국도로공사(PQ-고난도-지역의무),한국도로공사,별표-3-1,2024-11-13,100000000000,,,
571,한국도로공사(PQ-고난도-지역의무),한국도로공사,별표-3-1,2024-11-13,150000000000,,,
572,한국도로공사(PQ-고난도-지역의무),한국도로공사,별표-3-1,2024-11-13,900000000000,,,
573,한국도로공사(PQ-고난도-안전평가),한국도로공사,별표-3-3,2024-11-13,50000000000,,,
574,한국도로공사(PQ-고난도-안전평가),한국도로공사,별표-3-3,2024-11-13,100000000000,,,
575,한국도로공사(PQ-고난도-안전평가),한국도로공사,별표-3-3,2024-11-13,150000000000,,,
576,한국도로공사(PQ-고난도-안전평가),한국도로공사,별표-3-3,2024-11-13,900000000000,,,
577,한국도로공사(PQ-고난도),한국도로공사,별표-3-1,2024-11-13,50000000000,,,
578,한국도로공사(PQ-고난도),한국도로공사,별표-3-1,2024-11-13,100000000000,,,
579,한국도로공사(PQ-고난도),한국도로공사,별표-3-1,2024-11-13,150000000000,,,
580,한국도로공사(PQ-고난도),한국도로공사,별표-3-1,2024-11-13,900000000000,,,
581,국방부(PQ),국방부,별표-3-1,2022-07-31,50000000000,,,
582,국방부(PQ),국방부,별표-3-1,2022-07-31,900000000000,,,
583,국방부(PQ-실적제한),국방부,별표-3-1,2022-07-31,50000000000,,,
584,국방부(PQ-실적제한),국방부,별표-3-1,2022-07-31,900000000000,,,
585,국방부(PQ-고난도-준설),국방부,별표-3-유형3,2022-07-31,50000000000,,,
586,국방부(PQ-고난도),국방부,별표-3-유형3,2022-07-31,50000000000,,,
587,국방부(PQ-고난도),국방부,별표-3-유형2,2022-07-31,50000000000,,,
588,국방부(PQ-고난도),국방부,별표-3-유형1,2022-07-31,50000000000,,,
589,국방부(PQ-고난도-준설),국방부,별표-3-유형3,2022-07-31,100000000000,,,
590,국방부(PQ-고난도),국방부,별표-3-유형3,2022-07-31,100000000000,,,
591,국방부(PQ-고난도),국방부,별표-3-유형2,2022-07-31,100000000000,,,
592,국방부(PQ-고난도),국방부,별표-3-유형1,2022-07-31,100000000000,,,
593,국방부(PQ-고난도-준설),국방부,별표-3-유형3,2022-07-31,900000000000,,,
594,국방부(PQ-고난도),국방부,별표-3-유형3,2022-07-31,900000000000,,,
595,국방부(PQ-고난도),국방부,별표-3-유형2,2022-07-31,900000000000,,,
596,국방부(PQ-고난도),국방부,별표-3-유형1,2022-07-31,900000000000,,,
597,한국공항공사(PQ-고난도),한국공항공사,별표-2-1,2024-03-14,30000000000,,,
598,한국공항공사(PQ-고난도),한국공항공사,별표-2-1,2024-03-14,50000000000,,,
599,한국공항공사(PQ-고난도),한국공항공사,별표-2-1,2024-03-14,100000000000,,,
600,한국공항공사(PQ-고난도),한국공항공사,별표-2-1,2024-03-14,150000000000,,,
601,한국공항공사(PQ-고난도),한국공항공사,별표-2-1,2024-03-14,900000000000,,,
602,한국공항공사(PQ-고난도-지역의무),한국공항공사,별표-2-2,2024-03-14,30000000000,,,
603,한국공항공사(PQ-고난도-지역의무),한국공항공사,별표-2-2,2024-03-14,50000000000,,,
604,한국공항공사(PQ-고난도-지역의무),한국공항공사,별표-2-2,2024-03-14,100000000000,,,
605,한국공항공사(PQ-고난도-지역의무),한국공항공사,별표-2-2,2024-03-14,150000000000,,,
606,한국공항공사(PQ-고난도-지역의무),한국공항공사,별표-2-2,2024-03-14,900000000000,,,
607,한국공항공사(PQ-실적제한),한국공항공사,별표-2-3,2024-03-14,30000000000,30000000000,30000000000,
608,한국공항공사(PQ-실적제한),한국공항공사,별표-2-3,2024-03-14,50000000000,50000000000,50000000000,
609,한국공항공사(PQ-실적제한),한국공항공사,별표-2-3,2024-03-14,150000000000,150000000000,150000000000,
610,한국공항공사(PQ-실적제한),한국공항공사,별표-2-3,2024-03-14,900000000000,900000000000,900000000000,
611,한국공항공사(PQ-실적제한-지역의무),한국공항공사,별표-2-4,2024-03-14,30000000000,30000000000,30000000000,
612,한국공항공사(PQ-실적제한-지역의무),한국공항공사,별표-2-4,2024-03-14,50000000000,50000000000,50000000000,
613,한국공항공사(PQ-실적제한-지역의무),한국공항공사,별표-2-4,2024-03-14,150000000000,150000000000,150000000000,
614,한국공항공사(PQ-실적제한-지역의무),한국공항공사,별표-2-4,2024-03-14,900000000000,900000000000,900000000000,
615,한국공항공사(PQ),한국공항공사,별표-2-5,2024-03-14,50000000000,50000000000,50000000000,
616,한국공항공사(PQ),한국공항공사,별표-2-5,2024-03-14,150000000000,150000000000,150000000000,
617,한국공항공사(PQ),한국공항공사,별표-2-5,2024-03-14,900000000000,900000000000,900000000000,
618,한국공항공사(PQ-지역의무),한국공항공사,별표-2-6,2024-03-14,50000000000,50000000000,50000000000,
619,한국공항공사(PQ-지역의무),한국공항공사,별표-2-6,2024-03-14,150000000000,150000000000,150000000000,
620,한국공항공사(PQ-지역의무),한국공항공사,별표-2-6,2024-03-14,900000000000,900000000000,900000000000,
621,한국석유공사(PQ-고난도),한국석유공사,별표-1,2024-03-14,50000000000,,,
622,한국석유공사(PQ-고난도),한국석유공사,별표-1,2024-03-14,100000000000,,,
623,한국석유공사(PQ-고난도),한국석유공사,별표-1,2024-03-14,150000000000,,,
624,한국석유공사(PQ-고난도),한국석유공사,별표-1,2024-03-14,900000000000,,,
625,한국석유공사(PQ-고난도-지역의무),한국석유공사,별표-1,2024-03-14,50000000000,,,
626,한국석유공사(PQ-고난도-지역의무),한국석유공사,별표-1,2024-03-14,100000000000,,,
627,한국석유공사(PQ-고난도-지역의무),한국석유공사,별표-1,2024-03-14,150000000000,,,
628,한국석유공사(PQ-고난도-지역의무),한국석유공사,별표-1,2024-03-14,900000000000,,,
629,한국석유공사(PQ-실적제한),한국석유공사,별표-2,2024-03-14,50000000000,,,
630,한국석유공사(PQ-실적제한),한국석유공사,별표-2,2024-03-14,100000000000,,,
631,한국석유공사(PQ-실적제한),한국석유공사,별표-2,2024-03-14,150000000000,,,
632,한국석유공사(PQ-실적제한),한국석유공사,별표-2,2024-03-14,900000000000,,,
633,한국석유공사(PQ-실적제한-지역의무),한국석유공사,별표-2,2024-03-14,50000000000,,,
634,한국석유공사(PQ-실적제한-지역의무),한국석유공사,별표-2,2024-03-14,100000000000,,,
635,한국석유공사(PQ-실적제한-지역의무),한국석유공사,별표-2,2024-03-14,150000000000,,,
636,한국석유공사(PQ-실적제한-지역의무),한국석유공사,별표-2,2024-03-14,900000000000,,,
637,한국석유공사(PQ),한국석유공사,별표-2,2024-03-14,50000000000,,,
638,한국석유공사(PQ),한국석유공사,별표-2,2024-03-14,100000000000,,,
639,한국석유공사(PQ),한국석유공사,별표-2,2024-03-14,150000000000,,,
640,한국석유공사(PQ),한국석유공사,별표-2,2024-03-14,900000000000,,,
641,한국석유공사(PQ-지역의무),한국석유공사,별표-2,2024-03-14,50000000000,,,
642,한국석유공사(PQ-지역의무),한국석유공사,별표-2,2024-03-14,100000000000,,,
643,한국석유공사(PQ-지역의무),한국석유공사,별표-2,2024-03-14,150000000000,,,
644,한국석유공사(PQ-지역의무),한국석유공사,별표-2,2024-03-14,900000000000,,,
645,한국지역난방공사(PQ-고난도),한국지역난방공사,별표-1-1,2025-01-07,50000000000,,,
646,한국지역난방공사(PQ-고난도),한국지역난방공사,별표-1-1,2025-01-07,100000000000,,,
647,한국지역난방공사(PQ-고난도),한국지역난방공사,별표-1-1,2025-01-07,150000000000,,,
648,한국지역난방공사(PQ-고난도),한국지역난방공사,별표-1-1,2025-01-07,900000000000,,,
649,한국지역난방공사(PQ-고난도-지역의무),한국지역난방공사,별표-1-1,2025-01-07,50000000000,,,
650,한국지역난방공사(PQ-고난도-지역의무),한국지역난방공사,별표-1-1,2025-01-07,100000000000,,,
651,한국지역난방공사(PQ-고난도-지역의무),한국지역난방공사,별표-1-1,2025-01-07,150000000000,,,
652,한국지역난방공사(PQ-고난도-지역의무),한국지역난방공사,별표-1-1,2025-01-07,900000000000,,,
653,한국지역난방공사(PQ-실적제한),한국지역난방공사,별표-1-2,2025-01-07,50000000000,,,
654,한국지역난방공사(PQ-실적제한),한국지역난방공사,별표-1-2,2025-01-07,100000000000,,,
655,한국지역난방공사(PQ-실적제한),한국지역난방공사,별표-1-2,2025-01-07,150000000000,,,
656,한국지역난방공사(PQ-실적제한),한국지역난방공사,별표-1-2,2025-01-07,900000000000,,,
657,한국지역난방공사(PQ-실적제한-지역의무),한국지역난방공사,별표-1-2,2025-01-07,50000000000,,,
658,한국지역난방공사(PQ-실적제한-지역의무),한국지역난방공사,별표-1-2,2025-01-07,100000000000,,,
659,한국지역난방공사(PQ-실적제한-지역의무),한국지역난방공사,별표-1-2,2025-01-07,150000000000,,,
660,한국지역난방공사(PQ-실적제한-지역의무),한국지역난방공사,별표-1-2,2025-01-07,900000000000,,,
661,한국가스공사(PQ-고난도),한국가스공사,별표-2-1,2025-01-19,50000000000,,,
662,한국가스공사(PQ-고난도),한국가스공사,별표-2-1,2025-01-19,75000000000,,,
663,한국가스공사(PQ-고난도),한국가스공사,별표-2-1,2025-01-19,100000000000,,,
664,한국가스공사(PQ-고난도),한국가스공사,별표-2-1,2025-01-19,150000000000,,,
665,한국가스공사(PQ-고난도),한국가스공사,별표-2-1,2025-01-19,250000000000,,,
666,한국가스공사(PQ-고난도),한국가스공사,별표-2-1,2025-01-19,900000000000,,,
667,한국가스공사(PQ-고난도-지역의무),한국가스공사,별표-2-2,2025-01-19,50000000000,,,
668,한국가스공사(PQ-고난도-지역의무),한국가스공사,별표-2-2,2025-01-19,75000000000,,,
669,한국가스공사(PQ-고난도-지역의무),한국가스공사,별표-2-2,2025-01-19,100000000000,,,
670,한국가스공사(PQ-고난도-지역의무),한국가스공사,별표-2-2,2025-01-19,150000000000,,,
671,한국가스공사(PQ-고난도-지역의무),한국가스공사,별표-2-2,2025-01-19,250000000000,,,
672,한국가스공사(PQ-고난도-지역의무),한국가스공사,별표-2-2,2025-01-19,900000000000,,,
673,한국가스공사(PQ-실적제한),한국가스공사,별표-2-3,2025-01-19,50000000000,,,
674,한국가스공사(PQ-실적제한),한국가스공사,별표-2-3,2025-01-19,75000000000,,,
675,한국가스공사(PQ-실적제한),한국가스공사,별표-2-3,2025-01-19,100000000000,,,
676,한국가스공사(PQ-실적제한),한국가스공사,별표-2-3,2025-01-19,150000000000,,,
677,한국가스공사(PQ-실적제한),한국가스공사,별표-2-3,2025-01-19,250000000000,,,
678,한국가스공사(PQ-실적제한),한국가스공사,별표-2-3,2025-01-19,900000000000,,,
679,한국가스공사(PQ-실적제한-지역의무),한국가스공사,별표-2-4,2025-01-19,50000000000,,,
680,한국가스공사(PQ-실적제한-지역의무),한국가스공사,별표-2-4,2025-01-19,75000000000,,,
681,한국가스공사(PQ-실적제한-지역의무),한국가스공사,별표-2-4,2025-01-19,100000000000,,,
682,한국가스공사(PQ-실적제한-지역의무),한국가스공사,별표-2-4,2025-01-19,150000000000,,,
683,한국가스공사(PQ-실적제한-지역의무),한국가스공사,별표-2-4,2025-01-19,250000000000,,,
684,한국가스공사(PQ-실적제한-지역의무),한국가스공사,별표-2-4,2025-01-19,900000000000,,,
685,한국수자원공사(PQ-안전평가),한국수자원공사,별표-4-2,2025-09-14,50000000000,,,
686,한국수자원공사(PQ-안전평가),한국수자원공사,별표-4-2,2025-09-14,100000000000,,,
687,한국수자원공사(PQ-안전평가),한국수자원공사,별표-4-2,2025-09-14,150000000000,,,
688,한국수자원공사(PQ-안전평가),한국수자원공사,별표-4-2,2025-09-14,900000000000,,,
689,한국수자원공사(PQ),한국수자원공사,별표-4-1,2025-09-14,50000000000,,,
690,한국수자원공사(PQ),한국수자원공사,별표-4-1,2025-09-14,100000000000,,,
691,한국수자원공사(PQ),한국수자원공사,별표-4-1,2025-09-14,150000000000,,,
692,한국수자원공사(PQ),한국수자원공사,별표-4-1,2025-09-14,900000000000,,,
693,한국수자원공사(PQ-실적제한-지역의무-안전평가),한국수자원공사,별표-4-2,2025-09-14,50000000000,,,
694,한국수자원공사(PQ-실적제한-지역의무-안전평가),한국수자원공사,별표-4-2,2025-09-14,100000000000,,,
695,한국수자원공사(PQ-실적제한-지역의무-안전평가),한국수자원공사,별표-4-2,2025-09-14,150000000000,,,
696,한국수자원공사(PQ-실적제한-지역의무-안전평가),한국수자원공사,별표-4-2,2025-09-14,900000000000,,,
697,한국수자원공사(PQ-실적제한-지역의무),한국수자원공사,별표-4-1,2025-09-14,50000000000,,,
698,한국수자원공사(PQ-실적제한-지역의무),한국수자원공사,별표-4-1,2025-09-14,100000000000,,,
699,한국수자원공사(PQ-실적제한-지역의무),한국수자원공사,별표-4-1,2025-09-14,150000000000,,,
700,한국수자원공사(PQ-실적제한-지역의무),한국수자원공사,별표-4-1,2025-09-14,900000000000,,,
701,한국수자원공사(PQ-실적제한-안전평가),한국수자원공사,별표-4-2,2025-09-14,50000000000,,,
702,한국수자원공사(PQ-실적제한-안전평가),한국수자원공사,별표-4-2,2025-09-14,100000000000,,,
703,한국수자원공사(PQ-실적제한-안전평가),한국수자원공사,별표-4-2,2025-09-14,150000000000,,,
704,한국수자원공사(PQ-실적제한-안전평가),한국수자원공사,별표-4-2,2025-09-14,900000000000,,,
705,한국수자원공사(PQ-실적제한),한국수자원공사,별표-4-1,2025-09-14,50000000000,,,
706,한국수자원공사(PQ-실적제한),한국수자원공사,별표-4-1,2025-09-14,100000000000,,,
707,한국수자원공사(PQ-실적제한),한국수자원공사,별표-4-1,2025-09-14,150000000000,,,
708,한국수자원공사(PQ-실적제한),한국수자원공사,별표-4-1,2025-09-14,900000000000,,,
709,한국수자원공사(PQ-고난도-지역의무-안전평가),한국수자원공사,별표-3-2,2025-09-14,50000000000,,,
710,한국수자원공사(PQ-고난도-지역의무-안전평가),한국수자원공사,별표-3-2,2025-09-14,100000000000,,,
711,한국수자원공사(PQ-고난도-지역의무-안전평가),한국수자원공사,별표-3-2,2025-09-14,150000000000,,,
712,한국수자원공사(PQ-고난도-지역의무-안전평가),한국수자원공사,별표-3-2,2025-09-14,900000000000,,,
713,한국수자원공사(PQ-고난도-지역의무),한국수자원공사,별표-3-1,2025-09-14,50000000000,,,
714,한국수자원공사(PQ-고난도-지역의무),한국수자원공사,별표-3-1,2025-09-14,100000000000,,,
715,한국수자원공사(PQ-고난도-지역의무),한국수자원공사,별표-3-1,2025-09-14,150000000000,,,
716,한국수자원공사(PQ-고난도-지역의무),한국수자원공사,별표-3-1,2025-09-14,900000000000,,,
717,한국수자원공사(PQ-고난도-안전평가),한국수자원공사,별표-3-2,2025-09-14,50000000000,,,
718,한국수자원공사(PQ-고난도-안전평가),한국수자원공사,별표-3-2,2025-09-14,100000000000,,,
719,한국수자원공사(PQ-고난도-안전평가),한국수자원공사,별표-3-2,2025-09-14,150000000000,,,
720,한국수자원공사(PQ-고난도-안전평가),한국수자원공사,별표-3-2,2025-09-14,900000000000,,,
721,한국수자원공사(PQ-고난도),한국수자원공사,별표-3-1,2025-09-14,50000000000,,,
722,한국수자원공사(PQ-고난도),한국수자원공사,별표-3-1,2025-09-14,100000000000,,,
723,한국수자원공사(PQ-고난도),한국수자원공사,별표-3-1,2025-09-14,150000000000,,,
724,한국수자원공사(PQ-고난도),한국수자원공사,별표-3-1,2025-09-14,900000000000,,,
725,한국마사회,한국마사회,별표-5,2024-06-11,,,80000000,
726,한국마사회,한국마사회,별표-5,2024-06-11,,200000000,,
727,한국마사회,한국마사회,별표-5,2024-06-11,200000000,,,
728,한국마사회,한국마사회,별표-4,2024-06-11,,,300000000,
729,한국마사회,한국마사회,별표-4,2024-06-11,,300000000,,
730,한국마사회,한국마사회,별표-4,2024-06-11,300000000,,,
731,한국마사회,한국마사회,별표-3,2024-06-11,,1000000000,,
732,한국마사회,한국마사회,별표-3,2024-06-11,1000000000,,,
733,한국마사회,한국마사회,별표-2,2024-06-11,,,1000000000,
734,한국마사회,한국마사회,별표-2,2024-06-11,,,5000000000,
735,한국마사회,한국마사회,별표-2,2024-06-11,,5000000000,,
736,한국마사회,한국마사회,별표-2,2024-06-11,5000000000,,,
737,한국마사회,한국마사회,별표-1,2024-06-11,,10000000000,10000000000,
738,한국마사회,한국마사회,별표-1,2024-06-11,10000000000,,,
739,한국철도공사(철도궤도),한국철도공사,별표-5,2024-03-18,,300000000,,
740,한국철도공사(철도궤도),한국철도공사,별표-4,2024-03-18,,1000000000,,
741,한국철도공사(철도궤도),한국철도공사,별표-3,2024-03-18,,5000000000,,
742,한국철도공사(철도궤도),한국철도공사,별표-2,2024-03-18,,10000000000,,
743,한국철도공사(간이종심제-철도궤도),한국철도공사,별표-1-5,2024-03-18,,30000000000,,
744,한국전력공사(가공송전-단가),한국전력공사,50억미만,2025-10-31,,,5000000000,
745,한국전력공사(변전설비-단가),한국전력공사,50억미만,2025-10-31,,,5000000000,
746,한국전력공사,한국전력공사,100억미만,2024-09-29,,,10000000000,
747,한국전력공사,한국전력공사,100억미만,2024-09-29,,10000000000,,
748,한국전력공사,한국전력공사,100억미만,2024-09-29,10000000000,,,
749,한국전력공사(배전공가),한국전력공사,3억미만,2025-07-29,,,300000000,
750,한국전력공사(수급지점),한국전력공사,3억미만,2025-10-29,,,330000000,
751,한국전력공사(수급지점),한국전력공사,11억미만,2025-10-29,,,1100000000,
752,한국전력공사(수급지점),한국전력공사,55억미만,2025-10-29,,,5500000000,
753,한국전력공사(화재확산방지),한국전력공사,2억미만,2025-06-30,,200000000,,
754,한국전력공사(화재확산방지),한국전력공사,3억미만,2025-06-30,,300000000,,
755,한국전력공사(화재확산방지),한국전력공사,10억미만,2025-06-30,,1000000000,,
756,한국전력공사(화재확산방지),한국전력공사,50억미만,2025-06-30,,5000000000,,
757,국방부(종심제-토목),국방부,별표-1-1,2024-12-12,50000000000,,,
758,국방부(종심제-토목),국방부,별표-1-1,2024-12-12,75000000000,,,
759,국방부(종심제-토목),국방부,별표-1-1,2024-12-12,100000000000,,,
760,국방부(종심제-토목),국방부,별표-1-1,2024-12-12,150000000000,,,
761,국방부(종심제-토목),국방부,별표-1-1,2024-12-12,900000000000,,,
762,국방부(종심제-건축),국방부,별표-1-1,2024-12-12,50000000000,,,
763,국방부(종심제-건축),국방부,별표-1-1,2024-12-12,75000000000,,,
764,국방부(종심제-건축),국방부,별표-1-1,2024-12-12,100000000000,,,
765,국방부(종심제-건축),국방부,별표-1-1,2024-12-12,150000000000,,,
766,국방부(종심제-건축),국방부,별표-1-1,2024-12-12,900000000000,,,
767,국방부(종심제-산업환경설비),국방부,별표-1-1,2024-12-12,50000000000,,,
768,국방부(종심제-산업환경설비),국방부,별표-1-1,2024-12-12,900000000000,,,
769,국방부(종심제-조경),국방부,별표-1-1,2024-12-12,50000000000,,,
770,국방부(종심제-조경),국방부,별표-1-1,2024-12-12,900000000000,,,
771,국방부(종심제-준설),국방부,별표-1-1,2024-12-12,,50000000000,,
772,국방부(종심제-준설),국방부,별표-1-1,2024-12-12,,900000000000,,
773,국방부(종심제-고난도),국방부,별표-1-2,2024-12-12,30000000000,,,
774,국방부(종심제-고난도),국방부,별표-1-2,2024-12-12,50000000000,,,
775,국방부(종심제-고난도),국방부,별표-1-2,2024-12-12,100000000000,,,
776,국방부(종심제-고난도),국방부,별표-1-2,2024-12-12,900000000000,,,
777,국방부(간이종심제-실적제한),국방부,별표-1-4,2024-12-12,30000000000,30000000000,30000000000,
778,국방부(종심제-실적제한),국방부,별표-1-3,2024-12-12,50000000000,50000000000,50000000000,
779,국방부(종심제-실적제한),국방부,별표-1-3,2024-12-12,900000000000,900000000000,900000000000,
780,국방부(간이종심제-건축),국방부,별표-1-5,2024-12-12,30000000000,,,
781,국방부(간이종심제-토목),국방부,별표-1-5,2024-12-12,30000000000,,,
782,국방부(간이종심제-준설),국방부,별표-1-5,2024-12-12,,30000000000,,
783,국방부(간이종심제),국방부,별표-1-5,2024-12-12,30000000000,30000000000,30000000000,
784,인천국제공항공사,인천국제공항공사,별표-5,2025-03-13,,,80000000,
785,인천국제공항공사,인천국제공항공사,별표-5,2025-03-13,,200000000,,
786,인천국제공항공사,인천국제공항공사,별표-5,2025-03-13,200000000,,,
787,인천국제공항공사,인천국제공항공사,별표-4,2025-03-13,,,300000000,
788,인천국제공항공사,인천국제공항공사,별표-4,2025-03-13,,300000000,,
789,인천국제공항공사,인천국제공항공사,별표-4,2025-03-13,300000000,,,
790,인천국제공항공사,인천국제공항공사,별표-3,2025-03-13,,1000000000,,
791,인천국제공항공사,인천국제공항공사,별표-3,2025-03-13,1000000000,,,
792,인천국제공항공사,인천국제공항공사,별표-2,2025-03-13,,,1000000000,
793,인천국제공항공사,인천국제공항공사,별표-2,2025-03-13,,,5000000000,
794,인천국제공항공사,인천국제공항공사,별표-2,2025-03-13,,5000000000,,
795,인천국제공항공사,인천국제공항공사,별표-2,2025-03-13,5000000000,,,
796,인천국제공항공사,인천국제공항공사,별표-1,2025-03-13,,10000000000,10000000000,
797,인천국제공항공사,인천국제공항공사,별표-1,2025-03-13,10000000000,,,
798,조달청(종심제-토목),조달청,별표-1-1,2025-11-30,50000000000,,,
799,조달청(종심제-토목),조달청,별표-1-1,2025-11-30,75000000000,,,
800,조달청(종심제-토목),조달청,별표-1-1,2025-11-30,100000000000,,,
801,조달청(종심제-토목),조달청,별표-1-1,2025-11-30,150000000000,,,
802,조달청(종심제-토목),조달청,별표-1-1,2025-11-30,900000000000,,,
803,조달청(종심제-건축),조달청,별표-1-1,2025-11-30,50000000000,,,
804,조달청(종심제-건축),조달청,별표-1-1,2025-11-30,75000000000,,,
805,조달청(종심제-건축),조달청,별표-1-1,2025-11-30,100000000000,,,
806,조달청(종심제-건축),조달청,별표-1-1,2025-11-30,150000000000,,,
807,조달청(종심제-건축),조달청,별표-1-1,2025-11-30,900000000000,,,
808,조달청(종심제-산업환경설비),조달청,별표-1-1,2025-11-30,50000000000,,,
809,조달청(종심제-산업환경설비),조달청,별표-1-1,2025-11-30,900000000000,,,
810,조달청(종심제-조경),조달청,별표-1-1,2025-11-30,50000000000,,,
811,조달청(종심제-조경),조달청,별표-1-1,2025-11-30,900000000000,,,
812,조달청(종심제-준설),조달청,별표-1-1,2025-11-30,,50000000000,,
813,조달청(종심제-준설),조달청,별표-1-1,2025-11-30,,900000000000,,
814,조달청(종심제-고난도),조달청,별표-1-2,2025-11-30,30000000000,,,
815,조달청(종심제-고난도),조달청,별표-1-2,2025-11-30,50000000000,,,
816,조달청(종심제-고난도),조달청,별표-1-2,2025-11-30,100000000000,,,
817,조달청(종심제-고난도),조달청,별표-1-2,2025-11-30,900000000000,,,
818,조달청(간이종심제-실적제한),조달청,별표-1-4,2025-11-30,30000000000,,,
819,조달청(간이종심제-실적제한),조달청,별표-1-4,2025-11-30,,30000000000,30000000000,
820,조달청(종심제-실적제한),조달청,별표-1-3,2025-11-30,50000000000,50000000000,50000000000,
821,조달청(종심제-실적제한),조달청,별표-1-3,2025-11-30,900000000000,900000000000,900000000000,
822,조달청(간이종심제-건축),조달청,별표-1-5,2025-11-30,30000000000,,,
823,조달청(간이종심제-토목),조달청,별표-1-5,2025-11-30,30000000000,,,
824,조달청(간이종심제-준설),조달청,별표-1-5,2025-11-30,,30000000000,,
825,조달청(간이종심제),조달청,별표-1-5,2025-11-30,30000000000,30000000000,30000000000,
826,한국전력공사(순시위탁),한국전력공사,8천미만,2025-06-30,,,80000000,
827,한국전력공사(순시위탁),한국전력공사,3억미만,2025-06-30,,,300000000,
828,한국전력공사(순시위탁),한국전력공사,10억미만,2025-06-30,,,1000000000,
829,한국전력공사(순시위탁),한국전력공사,50억미만,2025-06-30,,,5000000000,
830,한국전력공사(순시위탁),한국전력공사,100억미만,2025-06-30,,,10000000000,
