id,적격평가기준_세부 (매칭키),입찰방식,종목,공고확인,특수실적,등급공사,동일실적평가여부,원발주처,적격발주처,적격평가기준_세부,지역제한,추정가격기준,추정금액기준,기초금액기준,메모,편집
1,한국전력공사_3억미만,적격심사,전기,배전공가,,,,한국전력공사(배전공가),한국전력공사,한국전력공사(배전공가)_3억미만,,,,,,
2,한국전력공사_3억미만,적격심사,전기,수급지점개폐기,,,,한국전력공사(수급지점),한국전력공사,한국전력공사(수급지점)_3억미만,1,,,,,
3,한국전력공사_11억미만,적격심사,전기,수급지점개폐기,,,,한국전력공사(수급지점),한국전력공사,한국전력공사(수급지점)_11억미만,1,,,,,
4,한국전력공사_55억미만,적격심사,전기,수급지점개폐기,,,,한국전력공사(수급지점),한국전력공사,한국전력공사(수급지점)_55억미만,1,,,,,
5,한국전력공사_8천미만,적격심사,전기,순시위탁,,,,한국전력공사(배전),한국전력공사,한국전력공사(배전)_8천미만,1,1,,,,
6,한국전력공사_3억미만,적격심사,전기,순시위탁,,,,한국전력공사(배전),한국전력공사,한국전력공사(배전)_3억미만,1,1,,,,
7,한국전력공사_10억미만,적격심사,전기,순시위탁,,,,한국전력공사(배전),한국전력공사,한국전력공사(배전)_10억미만,1,1,,,,
8,한국전력공사_50억미만,적격심사,전기,순시위탁,,,,한국전력공사(배전),한국전력공사,한국전력공사(배전)_50억미만,1,1,,,,
9,한국전력공사_100억미만,적격심사,전기,순시위탁,,,,한국전력공사(배전),한국전력공사,한국전력공사(배전)_100억미만,1,1,,,,
10,한국전력공사_8천미만,적격심사,전기,수목전지,,,,한국전력공사(배전),한국전력공사,한국전력공사(배전)_8천미만,1,1,,,,
11,한국전력공사_3억미만,적격심사,전기,수목전지,,,,한국전력공사(배전),한국전력공사,한국전력공사(배전)_3억미만,1,1,,,,
12,한국전력공사_10억미만,적격심사,전기,수목전지,,,,한국전력공사(배전),한국전력공사,한국전력공사(배전)_10억미만,1,1,,,,
13,한국전력공사_50억미만,적격심사,전기,수목전지,,,,한국전력공사(배전),한국전력공사,한국전력공사(배전)_50억미만,1,1,,,,
14,한국전력공사_100억미만,적격심사,전기,수목전지,,,,한국전력공사(배전),한국전력공사,한국전력공사(배전)_100억미만,1,1,,,,
15,한국전력공사_8천미만,적격심사,전기,,"무정전_준공금액,배전사선_준공금액,배전지중_준공금액,배전지중_적격업체,무정전_적격업체",,,한국전력공사(배전),한국전력공사,한국전력공사(배전)_8천미만,1,1,,,,
16,한국전력공사_3억미만,적격심사,전기,,"무정전_준공금액,배전사선_준공금액,배전지중_준공금액,배전지중_적격업체,무정전_적격업체",,,한국전력공사(배전),한국전력공사,한국전력공사(배전)_3억미만,1,1,,,,
17,한국전력공사_10억미만,적격심사,전기,,"무정전_준공금액,배전사선_준공금액,배전지중_준공금액,배전지중_적격업체,무정전_적격업체",,,한국전력공사(배전),한국전력공사,한국전력공사(배전)_10억미만,1,1,,,,
18,한국전력공사_50억미만,적격심사,전기,,"무정전_준공금액,배전사선_준공금액,배전지중_준공금액,배전지중_적격업체,무정전_적격업체",,1,한국전력공사(배전),한국전력공사,한국전력공사(배전)_50억미만,1,1,,,,
19,한국전력공사_100억미만,적격심사,전기,,"무정전_준공금액,배전사선_준공금액,배전지중_준공금액,배전지중_적격업체,무정전_적격업체",,1,한국전력공사(배전),한국전력공사,한국전력공사(배전)_100억미만,1,1,,,,
20,행자부_별표-11,적격심사,,재난복구공사,,,,행자부(재난),행자부,행자부(재난)_별표-11,,,,,,
21,행자부_별표-10,적격심사,,재난복구공사,,,,행자부(재난),행자부,행자부(재난)_별표-10,,,,,,
22,행자부_별표-9,적격심사,,재난복구공사,,,,행자부(재난),행자부,행자부(재난)_별표-9,,,,,,
23,행자부_별표-8,적격심사,,재난복구공사,,,,행자부(재난),행자부,행자부(재난)_별표-8,,,,,,
24,행자부_별표-1,적격심사,,,,,1,행자부(동일실적),행자부,행자부(동일실적)_별표-1,,,,,,
25,행자부_유형-1,PQ,,유형-1,,,1,행자부(PQ),행자부,행자부(PQ)_유형-1,,,,,,
26,행자부_유형-1,PQ,토목,유형-1,,,1,행자부(PQ-토목),행자부,행자부(PQ-토목)_유형-1,,,,,,
27,행자부_유형-2,PQ,,유형-2,,,1,행자부(PQ),행자부,행자부(PQ)_유형-2,,,,,,
28,행자부_유형-2,PQ,토목,유형-2,,,1,행자부(PQ-토목),행자부,행자부(PQ-토목)_유형-2,,,,,,
29,행자부_유형-3,PQ,,유형-3,,,1,행자부(PQ),행자부,행자부(PQ)_유형-3,,,,,,
30,행자부_유형-3,PQ,토목,유형-3,,,1,행자부(PQ-토목),행자부,행자부(PQ-토목)_유형-3,,,,,,
31,행자부_제7절,PQ,,,,,1,행자부(PQ-적격),행자부,행자부(PQ-적격)_제7절,,,,,,
32,행자부_제7절,PQ,토목,,,,1,행자부(PQ-토목-적격),행자부,행자부(PQ-토목-적격)_제7절,,,,,,
33,행자부_유형-1,적격성평가,,유형-1,,,1,행자부(적격성심사),행자부,행자부(적격성심사)_유형-1,,,,,,
34,행자부_유형-1,종합평가,,유형-1,,,1,행자부(종합평가),행자부,행자부(종합평가)_유형-1,,,,,,
35,행자부_유형-1,종합평가,토목,유형-1,,,1,행자부(종합평가-토목),행자부,행자부(종합평가-토목)_유형-1,,,,,,
36,행자부_유형-2,적격성평가,,유형-2,,,1,행자부(적격성심사),행자부,행자부(적격성심사)_유형-2,,,,,,
37,행자부_유형-2,종합평가,,유형-2,,,1,행자부(종합평가),행자부,행자부(종합평가)_유형-2,,,,,,
38,행자부_유형-2,종합평가,토목,유형-2,,,1,행자부(종합평가-토목),행자부,행자부(종합평가-토목)_유형-2,,,,,,
39,행자부_유형-3,적격성평가,,유형-3,,,1,행자부(적격성심사),행자부,행자부(적격성심사)_유형-3,,,,,,
40,행자부_유형-3,종합평가,,유형-3,,,1,행자부(종합평가),행자부,행자부(종합평가)_유형-3,,,,,,
41,행자부_유형-3,종합평가,토목,유형-3,,,1,행자부(종합평가-토목),행자부,행자부(종합평가-토목)_유형-3,,,,,,
42,조달청_별표-1,적격심사,,,,1,,조달청(등급),조달청,조달청(등급)_별표-1,,,,,,
43,조달청_별표-1-1,종심제,토목,,,,1,조달청(종심제-토목),조달청,조달청(종심제-토목)_별표-1-1,,,,,,
44,조달청_별표-1-1,종심제,건축,,,,1,조달청(종심제-건축),조달청,조달청(종심제-건축)_별표-1-1,,,,,,
45,조달청_별표-1-1,종심제,산업환경설비,,,,1,조달청(종심제-산업환경설비),조달청,조달청(종심제-산업환경설비)_별표-1-1,,,,,,
46,조달청_별표-1-1,종심제,조경,,,,1,조달청(종심제-조경),조달청,조달청(종심제-조경)_별표-1-1,,,,,,
47,조달청_별표-1-1,종심제,준설,,,,1,조달청(종심제-준설),조달청,조달청(종심제-준설)_별표-1-1,,,,,,
48,조달청_별표-1-2,종심제,,고난도,,,1,조달청(종심제-고난도),조달청,조달청(종심제-고난도)_별표-1-2,,,,,,
49,조달청_별표-1-4,간이종심제,,실적제한,,,1,조달청(간이종심제-실적제한),조달청,조달청(간이종심제-실적제한)_별표-1-4,,,,,,
50,조달청_별표-1-3,종심제,,실적제한,,,1,조달청(종심제-실적제한),조달청,조달청(종심제-실적제한)_별표-1-3,,,,,,
51,조달청_별표-1-5,간이종심제,건축,,,,1,조달청(간이종심제-건축),조달청,조달청(간이종심제-건축)_별표-1-5,,,,,,
52,조달청_별표-1-5,간이종심제,토목,,,,1,조달청(간이종심제-토목),조달청,조달청(간이종심제-토목)_별표-1-5,,,,,,
53,조달청_별표-1-5,간이종심제,준설,,,,1,조달청(간이종심제-준설),조달청,조달청(간이종심제-준설)_별표-1-5,,,,,,
54,조달청_별표-1-5,간이종심제,,,,,1,조달청(간이종심제),조달청,조달청(간이종심제)_별표-1-5,,,,,,
55,조달청_별표-2-1,PQ,,고난도,,,1,조달청(PQ-고난도),조달청,조달청(PQ-고난도)_별표-2-1,,,,,,
56,조달청_별표-2-2,PQ,,고난도-지역의무,,,1,조달청(PQ-고난도-지역의무),조달청,조달청(PQ-고난도-지역의무)_별표-2-2,,,,,,
57,조달청_별표-2-3,PQ,,실적제한,,,1,조달청(PQ-실적제한),조달청,조달청(PQ-실적제한)_별표-2-3,,,,,,
58,조달청_별표-2-4,PQ,,실적제한-지역의무,,,1,조달청(PQ-실적제한-지역의무),조달청,조달청(PQ-실적제한-지역의무)_별표-2-4,,,,,,
59,조달청_별표-2-5,PQ,건축,,,,1,조달청(PQ-건축),조달청,조달청(PQ-건축)_별표-2-5,,,,,,
60,조달청_별표-2-5,PQ,토목,,,,1,조달청(PQ-토목),조달청,조달청(PQ-토목)_별표-2-5,,,,,,
61,조달청_별표-2-5,PQ,조경,,,,1,조달청(PQ-조경),조달청,조달청(PQ-조경)_별표-2-5,,,,,,
62,조달청_별표-2-5,PQ,,,,,1,조달청(PQ),조달청,조달청(PQ)_별표-2-5,,,,,,
63,조달청_별표-2-6,PQ,건축,지역의무,,,1,조달청(PQ-건축-지역의무),조달청,조달청(PQ-건축-지역의무)_별표-2-6,,,,,,
64,조달청_별표-2-6,PQ,토목,지역의무,,,1,조달청(PQ-토목-지역의무),조달청,조달청(PQ-토목-지역의무)_별표-2-6,,,,,,
65,조달청_별표-2-6,PQ,조경,지역의무,,,1,조달청(PQ-조경-지역의무),조달청,조달청(PQ-조경-지역의무)_별표-2-6,,,,,,
66,조달청_별표-2-6,PQ,,지역의무,,,1,조달청(PQ-지역의무),조달청,조달청(PQ-지역의무)_별표-2-6,,,,,,
67,조달청_별표-1-1,PQ,,,아파트_준공세대,,1,조달청(PQ-공공주택),조달청,조달청(PQ-공공주택)_별표-1-1,,,,,,
68,조달청_별표-1-2,PQ,,지역의무,아파트_준공세대,,1,조달청(PQ-지역의무-공공주택),조달청,조달청(PQ-지역의무-공공주택)_별표-1-2,,,,,,
69,한국토지주택공사_별표-2,적격심사,전문소방,,,,,한국토지주택공사(소방),한국토지주택공사,한국토지주택공사(소방)_별표-2,,,,,,
70,한국토지주택공사_별표-2,적격심사,조경,,,,,한국토지주택공사(조경),한국토지주택공사,한국토지주택공사(조경)_별표-2,,,,,,
71,한국토지주택공사_별표-2,적격심사,,,단지조성,,,한국토지주택공사(단지조성),한국토지주택공사,한국토지주택공사(단지조성)_별표-2,,,,,,
72,한국토지주택공사_별표-1,간이종심제,,,,,1,한국토지주택공사(간이종심제),한국토지주택공사,한국토지주택공사(간이종심제)_별표-1,,,,,,
73,한국토지주택공사_별표-1,간이종심제,,,,,1,한국토지주택공사(간이종심제),한국토지주택공사,한국토지주택공사(간이종심제)_별표-1,,,,,,
74,한국토지주택공사_별표-1,간이종심제,조경,,,,1,한국토지주택공사(간이종심제-조경),한국토지주택공사,한국토지주택공사(간이종심제-조경)_별표-1,,,,,,
75,한국토지주택공사_별표-1-1,종심제,,,주거시설,,1,한국토지주택공사(종심제-주거시설),한국토지주택공사,한국토지주택공사(종심제-주거시설)_별표-1-1,,,,,,
76,한국토지주택공사_별표-1-1,종심제,,,주거시설외,,1,한국토지주택공사(종심제-주거시설외),한국토지주택공사,한국토지주택공사(종심제-주거시설외)_별표-1-1,,,,,,
77,한국토지주택공사_별표-1-2,종심제,,고난도,주거시설,,1,한국토지주택공사(종심제-고난도-주거시설),한국토지주택공사,한국토지주택공사(종심제-고난도-주거시설)_별표-1-2,,,,,,
78,한국토지주택공사_별표-1-2,종심제,,고난도,주거시설외,,1,한국토지주택공사(종심제-고난도-주거시설외),한국토지주택공사,한국토지주택공사(종심제-고난도-주거시설외)_별표-1-2,,,,,,
79,한국토지주택공사_별표-4,PQ,,,단지조성,,1,한국토지주택공사(PQ-단지조성),한국토지주택공사,한국토지주택공사(PQ-단지조성)_별표-4,,,,,,
80,한국토지주택공사_별표-2,PQ,,,,1,1,한국토지주택공사(PQ),한국토지주택공사,한국토지주택공사(PQ)_별표-2,,,,,,
81,한국토지주택공사_별표-4,PQ,,,,,1,한국토지주택공사(PQ-그외),한국토지주택공사,한국토지주택공사(PQ-그외)_별표-4,,,,,,
82,한국토지주택공사_별표-4,PQ,전기,,,,1,한국토지주택공사(PQ-전기),한국토지주택공사,한국토지주택공사(PQ-전기)_별표-4,,,,,,
83,한국토지주택공사_별표-4,PQ,조경,,,,1,한국토지주택공사(PQ-조경),한국토지주택공사,한국토지주택공사(PQ-조경)_별표-4,,,,,,
84,한국토지주택공사_별표-3,PQ,,,,,1,한국토지주택공사(PQ-공공주택),한국토지주택공사,한국토지주택공사(PQ-공공주택)_별표-3,,,,,,
85,한국토지주택공사_별표-3,PQ,,실적제한,,,1,한국토지주택공사(PQ-실적제한-공공주택),한국토지주택공사,한국토지주택공사(PQ-실적제한-공공주택)_별표-3,,,,,,
86,국가철도공단_별표-2-2,PQ,,,"철도신호[선로전환기]_준공개수,철도신호[선로전환기]_준공금액",,1,국가철도공단(PQ-철도신호),국가철도공단,국가철도공단(PQ-철도신호)_별표-2-2,,,,,,
87,국가철도공단_별표-2-2,PQ,,,"전차선[신설]_준공금액,전차선[신설]_준공길이,전차선[합성]_준공금액,전차선[합성]_준공길이,전차선_준공금액",,1,국가철도공단(PQ-전차선),국가철도공단,국가철도공단(PQ-전차선)_별표-2-2,,,,,,
88,국가철도공단_별표-2-2,PQ,,,,,1,국가철도공단(PQ),국가철도공단,국가철도공단(PQ)_별표-2-2,,,,,,
89,국가철도공단_별표-2-2,PQ,,,,,1,국가철도공단(PQ),국가철도공단,국가철도공단(PQ)_별표-2-2,,,,,,
90,국가철도공단_별표-1-3,간이종심제,전문소방,,,,1,국가철도공단(간이종심제-소방),국가철도공단,국가철도공단(간이종심제-소방)_별표-1-3,,,,,,
91,국가철도공단_별표-1-3,간이종심제,,,,,1,국가철도공단(간이종심제),국가철도공단,국가철도공단(간이종심제)_별표-1-3,,,,,,
92,국가철도공단_별표-1-1,종심제,,,,,1,국가철도공단(종심제),국가철도공단,국가철도공단(종심제)_별표-1-1,,,,,,
93,국가철도공단_별표-5,적격심사,전문소방,,,,,국가철도공단(소방),국가철도공단,국가철도공단(소방)_별표-5,,,,,,
94,국가철도공단_별표-3,적격심사,,,,,1,국가철도공단(동일실적),국가철도공단,국가철도공단(동일실적)_별표-3,,,,,,
95,한국전력공사_별표,PQ,,,,,1,한국전력공사(PQ),한국전력공사,한국전력공사(PQ)_별표,,,,,,
96,한국전력공사_별표,PQ,,고난도,"전력구[지하연속법]_준공금액,전력구[기계식]_준공길이,전력구[발파식]_준공길이,전력구[인력식]_준공길이,전력구[개착식]_준공길이,전력구_준공길이",,1,한국전력공사(PQ-고난도-전력구),한국전력공사,한국전력공사(PQ-고난도-전력구)_별표,,,,,,
97,한국전력공사_별표,PQ,,,"전력구[지하연속법]_준공금액,전력구[기계식]_준공길이,전력구[발파식]_준공길이,전력구[인력식]_준공길이,전력구[개착식]_준공길이,전력구_준공길이",,1,한국전력공사(PQ-전력구),한국전력공사,한국전력공사(PQ-전력구)_별표,,,,,,
98,한국전력공사_별표,PQ,,,"4도체_준공금액,4도체_준공길이,6도체_준공금액,6도체_준공길이,단도체_준공금액,단도체_준공길이,복도체_준공금액,복도체_준공길이,4도체_적격업체,6도체_적격업체,복도체_적격업체",,1,한국전력공사(PQ-가공송전),한국전력공사,한국전력공사(PQ-가공송전)_별표,,,,,,
99,한국전력공사_별표-13-3,간이종심제,,,,,1,한국전력공사(간이종심제),한국전력공사,한국전력공사(간이종심제)_별표-13-3,,,,,,
100,한국전력공사_별표-13-2,종심제,,고난도,,,1,한국전력공사(종심제-고난도),한국전력공사,한국전력공사(종심제-고난도)_별표-13-2,,,,,,
101,한국전력공사_별표-13-1,종심제,,,,,1,한국전력공사(종심제),한국전력공사,한국전력공사(종심제)_별표-13-1,,,,,,
102,한국전력공사_별표-7-3,간이종심제,,,"전력구[지하연속법]_준공금액,전력구[기계식]_준공길이,전력구[발파식]_준공길이,전력구[인력식]_준공길이,전력구[개착식]_준공길이,전력구_준공길이",,1,한국전력공사(간이종심제-전력구),한국전력공사,한국전력공사(간이종심제-전력구)_별표-7-3,,,,,,
103,한국전력공사_별표-7-2,종심제,,고난도,"전력구[지하연속법]_준공금액,전력구[기계식]_준공길이,전력구[발파식]_준공길이,전력구[인력식]_준공길이,전력구[개착식]_준공길이,전력구_준공길이",,1,한국전력공사(종심제-고난도-전력구),한국전력공사,한국전력공사(종심제-고난도-전력구)_별표-7-2,,,,,,
104,한국전력공사_별표-7-1,종심제,,,"전력구[지하연속법]_준공금액,전력구[기계식]_준공길이,전력구[발파식]_준공길이,전력구[인력식]_준공길이,전력구[개착식]_준공길이,전력구_준공길이",,1,한국전력공사(종심제-전력구),한국전력공사,한국전력공사(종심제-전력구)_별표-7-1,,,,,,
105,한국전력공사_별표-1-3,간이종심제,,,"4도체_준공금액,4도체_준공길이,6도체_준공금액,6도체_준공길이,단도체_준공금액,단도체_준공길이,복도체_준공금액,복도체_준공길이,4도체_적격업체,6도체_적격업체,복도체_적격업체",,1,한국전력공사(간이종심제-가공송전),한국전력공사,한국전력공사(간이종심제-가공송전)_별표-1-3,,,,,,
106,한국전력공사_별표-1-2,종심제,,고난도,"4도체_준공금액,4도체_준공길이,6도체_준공금액,6도체_준공길이,단도체_준공금액,단도체_준공길이,복도체_준공금액,복도체_준공길이,4도체_적격업체,6도체_적격업체,복도체_적격업체",,1,한국전력공사(종심제-고난도-가공송전),한국전력공사,한국전력공사(종심제-고난도-가공송전)_별표-1-2,,,,,,
107,한국전력공사_별표-1-1,종심제,,,"4도체_준공금액,4도체_준공길이,6도체_준공금액,6도체_준공길이,단도체_준공금액,단도체_준공길이,복도체_준공금액,복도체_준공길이,4도체_적격업체,6도체_적격업체,복도체_적격업체",,1,한국전력공사(종심제-가공송전),한국전력공사,한국전력공사(종심제-가공송전)_별표-1-1,,,,,,
108,한국전력공사_10억미만,적격심사,,,"전력구[지하연속법]_준공금액,전력구[기계식]_준공길이,전력구[발파식]_준공길이,전력구[인력식]_준공길이,전력구[개착식]_준공길이,전력구_준공길이",,1,한국전력공사(전력구),한국전력공사,한국전력공사(전력구)_10억미만,,,,,,
109,한국전력공사_50억미만,적격심사,,,"전력구[지하연속법]_준공금액,전력구[기계식]_준공길이,전력구[발파식]_준공길이,전력구[인력식]_준공길이,전력구[개착식]_준공길이,전력구_준공길이",,1,한국전력공사(전력구),한국전력공사,한국전력공사(전력구)_50억미만,,,,,,
110,한국전력공사_100억미만,적격심사,,,"전력구[지하연속법]_준공금액,전력구[기계식]_준공길이,전력구[발파식]_준공길이,전력구[인력식]_준공길이,전력구[개착식]_준공길이,전력구_준공길이",,1,한국전력공사(전력구),한국전력공사,한국전력공사(전력구)_100억미만,,,,,,
111,한국전력공사_3억미만,적격심사,,,"4도체_준공금액,4도체_준공길이,6도체_준공금액,6도체_준공길이,단도체_준공금액,단도체_준공길이,복도체_준공금액,복도체_준공길이,4도체_적격업체,6도체_적격업체,복도체_적격업체",,1,한국전력공사(가공송전),한국전력공사,한국전력공사(가공송전)_3억미만,,,,1,,
112,한국전력공사_10억미만,적격심사,,,"4도체_준공금액,4도체_준공길이,6도체_준공금액,6도체_준공길이,단도체_준공금액,단도체_준공길이,복도체_준공금액,복도체_준공길이,4도체_적격업체,6도체_적격업체,복도체_적격업체",,1,한국전력공사(가공송전),한국전력공사,한국전력공사(가공송전)_10억미만,,,,1,,
113,한국전력공사_50억미만,적격심사,,,"4도체_준공금액,4도체_준공길이,6도체_준공금액,6도체_준공길이,단도체_준공금액,단도체_준공길이,복도체_준공금액,복도체_준공길이,4도체_적격업체,6도체_적격업체,복도체_적격업체",,1,한국전력공사(가공송전),한국전력공사,한국전력공사(가공송전)_50억미만,,,,1,,
114,한국전력공사_100억미만,적격심사,,,"4도체_준공금액,4도체_준공길이,6도체_준공금액,6도체_준공길이,단도체_준공금액,단도체_준공길이,복도체_준공금액,복도체_준공길이,4도체_적격업체,6도체_적격업체,복도체_적격업체",,1,한국전력공사(가공송전),한국전력공사,한국전력공사(가공송전)_100억미만,,,,1,,
115,한국전력공사_8천미만,적격심사,,,"변전전기원_보유,변전전기원_양성,변전전기원1급_보유,변전전기원1급_양성,변전전기원2급_보유,변전전기원2급_양성,변전소[154Kv]_적격업체,변전소[345Kv]_적격업체,변전소[765Kv]_적격업체",,1,한국전력공사(변전건설),한국전력공사,한국전력공사(변전건설)_8천미만,,,,,,
116,한국전력공사_3억미만,적격심사,,,"변전전기원_보유,변전전기원_양성,변전전기원1급_보유,변전전기원1급_양성,변전전기원2급_보유,변전전기원2급_양성,변전소[154Kv]_적격업체,변전소[345Kv]_적격업체,변전소[765Kv]_적격업체",,1,한국전력공사(변전건설),한국전력공사,한국전력공사(변전건설)_3억미만,,,,,,
117,한국전력공사_10억미만,적격심사,,,"변전전기원_보유,변전전기원_양성,변전전기원1급_보유,변전전기원1급_양성,변전전기원2급_보유,변전전기원2급_양성,변전소[154Kv]_적격업체,변전소[345Kv]_적격업체,변전소[765Kv]_적격업체",,1,한국전력공사(변전건설),한국전력공사,한국전력공사(변전건설)_10억미만,,,,,,
118,한국전력공사_50억미만,적격심사,,,"변전전기원_보유,변전전기원_양성,변전전기원1급_보유,변전전기원1급_양성,변전전기원2급_보유,변전전기원2급_양성,변전소[154Kv]_적격업체,변전소[345Kv]_적격업체,변전소[765Kv]_적격업체",,1,한국전력공사(변전건설),한국전력공사,한국전력공사(변전건설)_50억미만,,,,,,
119,한국전력공사_100억미만,적격심사,,,"변전전기원_보유,변전전기원_양성,변전전기원1급_보유,변전전기원1급_양성,변전전기원2급_보유,변전전기원2급_양성,변전소[154Kv]_적격업체,변전소[345Kv]_적격업체,변전소[765Kv]_적격업체",,1,한국전력공사(변전건설),한국전력공사,한국전력공사(변전건설)_100억미만,,,,,,
120,한국전력공사_8천미만,적격심사,전기,,"개폐기1급_적격업체,개폐기2급_적격업체,변압기1급_적격업체,변압기2급_적격업체,변전전문_적격업체",,,한국전력공사(변전기자재),한국전력공사,한국전력공사(변전기자재)_8천미만,,,,,,
121,한국전력공사_3억미만,적격심사,전기,,"개폐기1급_적격업체,개폐기2급_적격업체,변압기1급_적격업체,변압기2급_적격업체,변전전문_적격업체",,1,한국전력공사(변전기자재),한국전력공사,한국전력공사(변전기자재)_3억미만,,,,,,
122,한국전력공사_10억미만,적격심사,전기,,"개폐기1급_적격업체,개폐기2급_적격업체,변압기1급_적격업체,변압기2급_적격업체,변전전문_적격업체",,1,한국전력공사(변전기자재),한국전력공사,한국전력공사(변전기자재)_10억미만,,,,,,
123,한국전력공사_50억미만,적격심사,전기,,"개폐기1급_적격업체,개폐기2급_적격업체,변압기1급_적격업체,변압기2급_적격업체,변전전문_적격업체",,1,한국전력공사(변전기자재),한국전력공사,한국전력공사(변전기자재)_50억미만,,,,,,
124,한국전력공사_100억미만,적격심사,전기,,"개폐기1급_적격업체,개폐기2급_적격업체,변압기1급_적격업체,변압기2급_적격업체,변전전문_적격업체",,1,한국전력공사(변전기자재),한국전력공사,한국전력공사(변전기자재)_100억미만,,,,,,
125,한국전력공사_10억미만,적격심사,,,"지중송전_적격업체,지중송전[154Kv]_적격업체,지중송전[345Kv]_적격업체,지중송전[154Kv]_준공길이,지중송전[345Kv]_준공길이,지중송전[154Kv]_준공금액,지중송전[345Kv]_준공금액,지중송전[6.6Kv]_준공금액,지중송전[22.9Kv]_준공금액,지중송전_준공금액,지중송전전기원_보유,지중송전전기원_양성,지중송전전기원1급_보유,지중송전전기원1급_양성,지중송전전기원2급_보유,지중송전전기원2급_양성",,1,한국전력공사(지중송전),한국전력공사,한국전력공사(지중송전)_10억미만,,,,,,
126,한국전력공사_50억미만,적격심사,,,"지중송전_적격업체,지중송전[154Kv]_적격업체,지중송전[345Kv]_적격업체,지중송전[154Kv]_준공길이,지중송전[345Kv]_준공길이,지중송전[154Kv]_준공금액,지중송전[345Kv]_준공금액,지중송전[6.6Kv]_준공금액,지중송전[22.9Kv]_준공금액,지중송전_준공금액,지중송전전기원_보유,지중송전전기원_양성,지중송전전기원1급_보유,지중송전전기원1급_양성,지중송전전기원2급_보유,지중송전전기원2급_양성",,1,한국전력공사(지중송전),한국전력공사,한국전력공사(지중송전)_50억미만,,,,,,
127,한국전력공사_100억미만,적격심사,,,"지중송전_적격업체,지중송전[154Kv]_적격업체,지중송전[345Kv]_적격업체,지중송전[154Kv]_준공길이,지중송전[345Kv]_준공길이,지중송전[154Kv]_준공금액,지중송전[345Kv]_준공금액,지중송전[6.6Kv]_준공금액,지중송전[22.9Kv]_준공금액,지중송전_준공금액,지중송전전기원_보유,지중송전전기원_양성,지중송전전기원1급_보유,지중송전전기원1급_양성,지중송전전기원2급_보유,지중송전전기원2급_양성",,1,한국전력공사(지중송전),한국전력공사,한국전력공사(지중송전)_100억미만,,,,1,,
128,한국전력공사_3억미만,적격심사,,,"지향성압입[토사]_준공길이,지향성압입[암반]_준공길이,지향성압입_준공길이",,1,한국전력공사(압입),한국전력공사,한국전력공사(압입)_3억미만,,,,,,
129,한국전력공사_10억미만,적격심사,,,"지향성압입[토사]_준공길이,지향성압입[암반]_준공길이,지향성압입_준공길이",,1,한국전력공사(압입),한국전력공사,한국전력공사(압입)_10억미만,,,,,,
130,한국전력공사_50억미만,적격심사,,,"지향성압입[토사]_준공길이,지향성압입[암반]_준공길이,지향성압입_준공길이",,1,한국전력공사(압입),한국전력공사,한국전력공사(압입)_50억미만,,,,,,
131,한국전력공사_10억미만,적격심사,,배전운영위탁,,,,한국전력공사(배전운영위탁),한국전력공사,한국전력공사(배전운영위탁)_10억미만,1,,,,,
132,한국전력공사_50억미만,적격심사,,배전운영위탁,,,,한국전력공사(배전운영위탁),한국전력공사,한국전력공사(배전운영위탁)_50억미만,1,,,,,
133,조달청_별지-4,적격심사,,고속철도-종합신호,,,,한국철도공사(고속철도-종합신호),조달청,한국철도공사(고속철도-종합신호)_별지-4,,,,,,
134,조달청_별지-4,적격심사,,일반철도-종합신호,,,,한국철도공사(일반철도-종합신호),조달청,한국철도공사(일반철도-종합신호)_별지-4,,,,,,
135,조달청_별지-4,적격심사,,고속철도-연동장치,,,,한국철도공사(고속철도-연동장치),조달청,한국철도공사(고속철도-연동장치)_별지-4,,,,,,
136,조달청_별지-4,적격심사,,일반철도-연동장치,,,,한국철도공사(일반철도-연동장치),조달청,한국철도공사(일반철도-연동장치)_별지-4,,,,,,
137,조달청_별지-4,적격심사,,고속철도-자동신호,,,,한국철도공사(고속철도-자동신호),조달청,한국철도공사(고속철도-자동신호)_별지-4,,,,,,
138,조달청_별지-4,적격심사,,일반철도-자동신호,,,,한국철도공사(일반철도-자동신호),조달청,한국철도공사(일반철도-자동신호)_별지-4,,,,,,
139,조달청_별지-4,적격심사,,고속철도-종합신호,,,,한국철도공사(고속철도-종합신호),조달청,한국철도공사(고속철도-종합신호)_별지-4,,,1,,,
140,조달청_별지-4,적격심사,,일반철도-종합신호,,,,한국철도공사(일반철도-종합신호),조달청,한국철도공사(일반철도-종합신호)_별지-4,,,1,,,
141,조달청_별지-4,적격심사,,고속철도-연동장치,,,,한국철도공사(고속철도-연동장치),조달청,한국철도공사(고속철도-연동장치)_별지-4,,,1,,,
142,조달청_별지-4,적격심사,,일반철도-연동장치,,,,한국철도공사(일반철도-연동장치),조달청,한국철도공사(일반철도-연동장치)_별지-4,,,1,,,
143,조달청_별지-4,적격심사,,고속철도-자동신호,,,,한국철도공사(고속철도-자동신호),조달청,한국철도공사(고속철도-자동신호)_별지-4,,,1,,,
144,조달청_별지-4,적격심사,,일반철도-자동신호,,,,한국철도공사(일반철도-자동신호),조달청,한국철도공사(일반철도-자동신호)_별지-4,,,1,,,
145,조달청_별지-3,적격심사,,고속철도-종합신호,,,,한국철도공사(고속철도-종합신호),조달청,한국철도공사(고속철도-종합신호)_별지-3,,,1,,,
146,조달청_별지-3,적격심사,,일반철도-종합신호,,,,한국철도공사(일반철도-종합신호),조달청,한국철도공사(일반철도-종합신호)_별지-3,,,1,,,
147,조달청_별지-3,적격심사,,고속철도-연동장치,,,,한국철도공사(고속철도-연동장치),조달청,한국철도공사(고속철도-연동장치)_별지-3,,,1,,,
148,조달청_별지-3,적격심사,,일반철도-연동장치,,,,한국철도공사(일반철도-연동장치),조달청,한국철도공사(일반철도-연동장치)_별지-3,,,1,,,
149,조달청_별지-3,적격심사,,고속철도-자동신호,,,,한국철도공사(고속철도-자동신호),조달청,한국철도공사(고속철도-자동신호)_별지-3,,,1,,,
150,조달청_별지-3,적격심사,,일반철도-자동신호,,,,한국철도공사(일반철도-자동신호),조달청,한국철도공사(일반철도-자동신호)_별지-3,,,1,,,
151,조달청_별지-3,적격심사,,고속철도-종합신호,,,,한국철도공사(고속철도-종합신호),조달청,한국철도공사(고속철도-종합신호)_별지-3,,,1,,,
152,조달청_별지-3,적격심사,,일반철도-종합신호,,,,한국철도공사(일반철도-종합신호),조달청,한국철도공사(일반철도-종합신호)_별지-3,,,1,,,
153,조달청_별지-3,적격심사,,고속철도-연동장치,,,,한국철도공사(고속철도-연동장치),조달청,한국철도공사(고속철도-연동장치)_별지-3,,,1,,,
154,조달청_별지-3,적격심사,,일반철도-연동장치,,,,한국철도공사(일반철도-연동장치),조달청,한국철도공사(일반철도-연동장치)_별지-3,,,1,,,
155,조달청_별지-3,적격심사,,고속철도-자동신호,,,,한국철도공사(고속철도-자동신호),조달청,한국철도공사(고속철도-자동신호)_별지-3,,,1,,,
156,조달청_별지-3,적격심사,,일반철도-자동신호,,,,한국철도공사(일반철도-자동신호),조달청,한국철도공사(일반철도-자동신호)_별지-3,,,1,,,
157,조달청_별지-2,적격심사,,고속철도-종합신호,,,,한국철도공사(고속철도-종합신호),조달청,한국철도공사(고속철도-종합신호)_별지-2,,,1,,,
158,조달청_별지-2,적격심사,,일반철도-종합신호,,,,한국철도공사(일반철도-종합신호),조달청,한국철도공사(일반철도-종합신호)_별지-2,,,1,,,
159,조달청_별지-2,적격심사,,고속철도-연동장치,,,,한국철도공사(고속철도-연동장치),조달청,한국철도공사(고속철도-연동장치)_별지-2,,,1,,,
160,조달청_별지-2,적격심사,,일반철도-연동장치,,,,한국철도공사(일반철도-연동장치),조달청,한국철도공사(일반철도-연동장치)_별지-2,,,1,,,
161,조달청_별지-2,적격심사,,고속철도-자동신호,,,,한국철도공사(고속철도-자동신호),조달청,한국철도공사(고속철도-자동신호)_별지-2,,,1,,,
162,조달청_별지-2,적격심사,,일반철도-자동신호,,,,한국철도공사(일반철도-자동신호),조달청,한국철도공사(일반철도-자동신호)_별지-2,,,1,,,
163,조달청_별표-1-5,간이종심제,,,,,1,한국철도공사(간이종심제),조달청,한국철도공사(간이종심제)_별표-1-5,,,,,,
164,조달청_별지-4,적격심사,,,철도안전전문기술자_전차선[필수인력]_2인,,,한국철도공사(전차선),조달청,한국철도공사(전차선)_별지-4,,,,,,
165,조달청_별지-3,적격심사,,,철도안전전문기술자_전차선[필수인력]_3인,,1,한국철도공사(전차선),조달청,한국철도공사(전차선)_별지-3,,,1,,,
166,조달청_별지-3,적격심사,,,철도안전전문기술자_전차선[필수인력]_3인,,1,한국철도공사(전차선),조달청,한국철도공사(전차선)_별지-3,,,1,,,
167,조달청_별지-2,적격심사,,,철도안전전문기술자_전차선[필수인력]_4인,,1,한국철도공사(전차선),조달청,한국철도공사(전차선)_별지-2,,,1,,,
168,조달청_별지-1,적격심사,,,철도안전전문기술자_전차선[필수인력]_5인,,1,한국철도공사(전차선),조달청,한국철도공사(전차선)_별지-1,,,1,,,
169,한국지역난방공사_별표-1-4,적격심사,,,지역난방열수송관_준공길이,,,한국지역난방공사(열수송관공사),한국지역난방공사,한국지역난방공사(열수송관공사)_별표-1-4,,,,,,
170,한국지역난방공사_별표-1-3,적격심사,,,지역난방열수송관_준공길이,,,한국지역난방공사(열수송관공사),한국지역난방공사,한국지역난방공사(열수송관공사)_별표-1-3,,,,,,
171,한국농어촌공사_별표-3-3,PQ,,지역의무,,,1,한국농어촌공사(PQ-지역의무),한국농어촌공사,한국농어촌공사(PQ-지역의무)_별표-3-3,,,,,,
172,한국농어촌공사_별표-3-1,PQ,,,,,1,한국농어촌공사(PQ),한국농어촌공사,한국농어촌공사(PQ)_별표-3-1,,,,,,
173,한국농어촌공사_별표-2-2,PQ,,고난도-지역의무,,,1,한국농어촌공사(PQ-고난도-지역의무),한국농어촌공사,한국농어촌공사(PQ-고난도-지역의무)_별표-2-2,,,,,,
174,한국농어촌공사_별표-2-1,PQ,준설,고난도,,,1,한국농어촌공사(PQ-고난도-준설),한국농어촌공사,한국농어촌공사(PQ-고난도-준설)_별표-2-1,,,,,,
175,한국농어촌공사_별표-2-1,PQ,,고난도,,,1,한국농어촌공사(PQ-고난도),한국농어촌공사,한국농어촌공사(PQ-고난도)_별표-2-1,,,,,,
176,한국도로공사_별표-3-4,PQ,,안전평가,,,1,한국도로공사(PQ-안전평가),한국도로공사,한국도로공사(PQ-안전평가)_별표-3-4,,,,,,
177,한국도로공사_별표-3-2,PQ,,,,,1,한국도로공사(PQ),한국도로공사,한국도로공사(PQ)_별표-3-2,,,,,,
178,한국도로공사_별표-3-4,PQ,,실적제한-지역의무-안전평가,,,1,한국도로공사(PQ-실적제한-지역의무-안전평가),한국도로공사,한국도로공사(PQ-실적제한-지역의무-안전평가)_별표-3-4,,,,,,
179,한국도로공사_별표-3-2,PQ,,실적제한-지역의무,,,1,한국도로공사(PQ-실적제한-지역의무),한국도로공사,한국도로공사(PQ-실적제한-지역의무)_별표-3-2,,,,,,
180,한국도로공사_별표-3-4,PQ,,실적제한-안전평가,,,1,한국도로공사(PQ-실적제한-안전평가),한국도로공사,한국도로공사(PQ-실적제한-안전평가)_별표-3-4,,,,,,
181,한국도로공사_별표-3-2,PQ,,실적제한,,,1,한국도로공사(PQ-실적제한),한국도로공사,한국도로공사(PQ-실적제한)_별표-3-2,,,,,,
182,한국도로공사_별표-3-3,PQ,,고난도-지역의무-안전평가,,,1,한국도로공사(PQ-고난도-지역의무-안전평가),한국도로공사,한국도로공사(PQ-고난도-지역의무-안전평가)_별표-3-3,,,,,,
183,한국도로공사_별표-3-1,PQ,,고난도-지역의무,,,1,한국도로공사(PQ-고난도-지역의무),한국도로공사,한국도로공사(PQ-고난도-지역의무)_별표-3-1,,,,,,
184,한국도로공사_별표-3-3,PQ,,고난도-안전평가,,,1,한국도로공사(PQ-고난도-안전평가),한국도로공사,한국도로공사(PQ-고난도-안전평가)_별표-3-3,,,,,,
185,한국도로공사_별표-3-1,PQ,,고난도,,,1,한국도로공사(PQ-고난도),한국도로공사,한국도로공사(PQ-고난도)_별표-3-1,,,,,,
186,국방부_별표-3-1,PQ,,,,,1,국방부(PQ),국방부,국방부(PQ)_별표-3-1,,,,,,
187,국방부_별표-3-1,PQ,,실적제한,,,1,국방부(PQ-실적제한),국방부,국방부(PQ-실적제한)_별표-3-1,,,,,,
188,국방부_별표-3-유형3,PQ,준설,고난도,,,1,국방부(PQ-고난도-준설),국방부,국방부(PQ-고난도-준설)_별표-3-유형3,,,,,,
189,국방부_별표-3-유형3,PQ,,고난도,,,1,국방부(PQ-고난도),국방부,국방부(PQ-고난도)_별표-3-유형3,,,,,,
190,국방부_별표-3-유형2,PQ,,고난도,,,1,국방부(PQ-고난도),국방부,국방부(PQ-고난도)_별표-3-유형2,,,,,,
191,국방부_별표-3-유형1,PQ,,고난도,,,1,국방부(PQ-고난도),국방부,국방부(PQ-고난도)_별표-3-유형1,,,,,,
192,국방부_별표-3-유형3,PQ,준설,고난도,,,1,국방부(PQ-고난도-준설),국방부,국방부(PQ-고난도-준설)_별표-3-유형3,,,,,,
193,국방부_별표-3-유형3,PQ,,고난도,,,1,국방부(PQ-고난도),국방부,국방부(PQ-고난도)_별표-3-유형3,,,,,,
194,국방부_별표-3-유형2,PQ,,고난도,,,1,국방부(PQ-고난도),국방부,국방부(PQ-고난도)_별표-3-유형2,,,,,,
195,국방부_별표-3-유형1,PQ,,고난도,,,1,국방부(PQ-고난도),국방부,국방부(PQ-고난도)_별표-3-유형1,,,,,,
196,국방부_별표-3-유형3,PQ,준설,고난도,,,1,국방부(PQ-고난도-준설),국방부,국방부(PQ-고난도-준설)_별표-3-유형3,,,,,,
197,국방부_별표-3-유형3,PQ,,고난도,,,1,국방부(PQ-고난도),국방부,국방부(PQ-고난도)_별표-3-유형3,,,,,,
198,국방부_별표-3-유형2,PQ,,고난도,,,1,국방부(PQ-고난도),국방부,국방부(PQ-고난도)_별표-3-유형2,,,,,,
199,국방부_별표-3-유형1,PQ,,고난도,,,1,국방부(PQ-고난도),국방부,국방부(PQ-고난도)_별표-3-유형1,,,,,,
200,한국공항공사_별표-2-1,PQ,,고난도,,,1,한국공항공사(PQ-고난도),한국공항공사,한국공항공사(PQ-고난도)_별표-2-1,,,,,,
201,한국공항공사_별표-2-2,PQ,,고난도-지역의무,,,1,한국공항공사(PQ-고난도-지역의무),한국공항공사,한국공항공사(PQ-고난도-지역의무)_별표-2-2,,,,,,
202,한국공항공사_별표-2-3,PQ,,실적제한,,,1,한국공항공사(PQ-실적제한),한국공항공사,한국공항공사(PQ-실적제한)_별표-2-3,,,,,,
203,한국공항공사_별표-2-4,PQ,,실적제한-지역의무,,,1,한국공항공사(PQ-실적제한-지역의무),한국공항공사,한국공항공사(PQ-실적제한-지역의무)_별표-2-4,,,,,,
204,한국공항공사_별표-2-5,PQ,,,,,1,한국공항공사(PQ),한국공항공사,한국공항공사(PQ)_별표-2-5,,,,,,
205,한국공항공사_별표-2-6,PQ,,지역의무,,,1,한국공항공사(PQ-지역의무),한국공항공사,한국공항공사(PQ-지역의무)_별표-2-6,,,,,,
206,한국석유공사_별표-1,PQ,,고난도,,,1,한국석유공사(PQ-고난도),한국석유공사,한국석유공사(PQ-고난도)_별표-1,,,,,,
207,한국석유공사_별표-1,PQ,,고난도-지역의무,,,1,한국석유공사(PQ-고난도-지역의무),한국석유공사,한국석유공사(PQ-고난도-지역의무)_별표-1,,,,,,
208,한국석유공사_별표-2,PQ,,실적제한,,,1,한국석유공사(PQ-실적제한),한국석유공사,한국석유공사(PQ-실적제한)_별표-2,,,,,,
209,한국석유공사_별표-2,PQ,,실적제한-지역의무,,,1,한국석유공사(PQ-실적제한-지역의무),한국석유공사,한국석유공사(PQ-실적제한-지역의무)_별표-2,,,,,,
210,한국석유공사_별표-2,PQ,,,,,1,한국석유공사(PQ),한국석유공사,한국석유공사(PQ)_별표-2,,,,,,
211,한국석유공사_별표-2,PQ,,지역의무,,,1,한국석유공사(PQ-지역의무),한국석유공사,한국석유공사(PQ-지역의무)_별표-2,,,,,,
212,한국지역난방공사_별표-1-1,PQ,,고난도,,,1,한국지역난방공사(PQ-고난도),한국지역난방공사,한국지역난방공사(PQ-고난도)_별표-1-1,,,,,,
213,한국지역난방공사_별표-1-1,PQ,,고난도-지역의무,,,1,한국지역난방공사(PQ-고난도-지역의무),한국지역난방공사,한국지역난방공사(PQ-고난도-지역의무)_별표-1-1,,,,,,
214,한국지역난방공사_별표-1-2,PQ,,실적제한,,,1,한국지역난방공사(PQ-실적제한),한국지역난방공사,한국지역난방공사(PQ-실적제한)_별표-1-2,,,,,,
215,한국지역난방공사_별표-1-2,PQ,,실적제한-지역의무,,,1,한국지역난방공사(PQ-실적제한-지역의무),한국지역난방공사,한국지역난방공사(PQ-실적제한-지역의무)_별표-1-2,,,,,,
216,한국가스공사_별표-2-1,PQ,,고난도,,,1,한국가스공사(PQ-고난도),한국가스공사,한국가스공사(PQ-고난도)_별표-2-1,,,,,,
217,한국가스공사_별표-2-2,PQ,,고난도-지역의무,,,1,한국가스공사(PQ-고난도-지역의무),한국가스공사,한국가스공사(PQ-고난도-지역의무)_별표-2-2,,,,,,
218,한국가스공사_별표-2-3,PQ,,실적제한,,,1,한국가스공사(PQ-실적제한),한국가스공사,한국가스공사(PQ-실적제한)_별표-2-3,,,,,,
219,한국가스공사_별표-2-4,PQ,,실적제한-지역의무,,,1,한국가스공사(PQ-실적제한-지역의무),한국가스공사,한국가스공사(PQ-실적제한-지역의무)_별표-2-4,,,,,,
220,한국수자원공사_별표-4-2,PQ,,안전평가,,,1,한국수자원공사(PQ-안전평가),한국수자원공사,한국수자원공사(PQ-안전평가)_별표-4-2,,,,,,
221,한국수자원공사_별표-4-1,PQ,,,,,1,한국수자원공사(PQ),한국수자원공사,한국수자원공사(PQ)_별표-4-1,,,,,,
222,한국수자원공사_별표-4-2,PQ,,실적제한-지역의무-안전평가,,,1,한국수자원공사(PQ-실적제한-지역의무-안전평가),한국수자원공사,한국수자원공사(PQ-실적제한-지역의무-안전평가)_별표-4-2,,,,,,
223,한국수자원공사_별표-4-1,PQ,,실적제한-지역,,,1,한국수자원공사(PQ-실적제한-지역의무),한국수자원공사,한국수자원공사(PQ-실적제한-지역의무)_별표-4-1,,,,,,
224,한국수자원공사_별표-4-2,PQ,,실적제한,,,1,한국수자원공사(PQ-실적제한-안전평가),한국수자원공사,한국수자원공사(PQ-실적제한-안전평가)_별표-4-2,,,,,,
225,한국수자원공사_별표-4-1,PQ,,실적제한,,,1,한국수자원공사(PQ-실적제한),한국수자원공사,한국수자원공사(PQ-실적제한)_별표-4-1,,,,,,
226,한국수자원공사_별표-3-2,PQ,,고난도-지역의무-안전평가,,,1,한국수자원공사(PQ-고난도-지역의무-안전평가),한국수자원공사,한국수자원공사(PQ-고난도-지역의무-안전평가)_별표-3-2,,,,,,
227,한국수자원공사_별표-3-1,PQ,,고난도-지역의무,,,1,한국수자원공사(PQ-고난도-지역의무),한국수자원공사,한국수자원공사(PQ-고난도-지역의무)_별표-3-1,,,,,,
228,한국수자원공사_별표-3-2,PQ,,고난도-안전평가,,,1,한국수자원공사(PQ-고난도-안전평가),한국수자원공사,한국수자원공사(PQ-고난도-안전평가)_별표-3-2,,,,,,
229,한국수자원공사_별표-3-1,PQ,,고난도,,,1,한국수자원공사(PQ-고난도),한국수자원공사,한국수자원공사(PQ-고난도)_별표-3-1,,,,,,
230,한국도로공사_별표5,적격심사,,유지보수-단가,,,,한국도로공사(유지보수-단가),한국도로공사,한국도로공사(유지보수-단가)_별표5,,,,,,
231,한국도로공사_별표4,적격심사,,유지보수-단가,,,,한국도로공사(유지보수-단가),한국도로공사,한국도로공사(유지보수-단가)_별표4,,,,,,
232,한국도로공사_별표3,적격심사,,유지보수-단가,,,,한국도로공사(유지보수-단가),한국도로공사,한국도로공사(유지보수-단가)_별표3,,,,,,
233,한국도로공사_별표2,적격심사,,유지보수-단가,,,,한국도로공사(유지보수-단가),한국도로공사,한국도로공사(유지보수-단가)_별표2,,,,,,
234,한국도로공사_별표1,적격심사,,유지보수-단가,,,,한국도로공사(유지보수-단가),한국도로공사,한국도로공사(유지보수-단가)_별표1,,,,,,
235,조달청_별표-1-5,간이종심제,철도궤도,,,,1,한국철도공사(간이종심제-철도궤도),조달청,한국철도공사(간이종심제-철도궤도)_별표-1-5,,,,,,
236,한국전력공사_50억미만,적격심사,전기,,"가공송전-단가,도체",,,한국전력공사(가공송전-단가),한국전력공사,한국전력공사(가공송전-단가)_50억미만,,,,1,,
237,한국전력공사_50억미만,적격심사,전기,,"변전설비-단가,개폐,변압",,,한국전력공사(변전설비-단가),한국전력공사,한국전력공사(변전설비-단가)_50억미만,,,,,,
238,한국전력공사_8천미만,적격심사,도장습식방수석공,,"화재확산방지_준공금액,화재확산방지재_전문회사,방화구획재_전문회사,방화구획재_준공금액",,,한국전력공사(화재확산방지),한국전력공사,한국전력공사(화재확산방지)_2억미만,,,,1,,
239,한국전력공사_3억미만,적격심사,도장습식방수석공,,"화재확산방지_준공금액,화재확산방지재_전문회사,방화구획재_전문회사,방화구획재_준공금액",,,한국전력공사(화재확산방지),한국전력공사,한국전력공사(화재확산방지)_3억미만,,,,1,,
240,한국전력공사_10억미만,적격심사,도장습식방수석공,,"화재확산방지_준공금액,화재확산방지재_전문회사,방화구획재_전문회사,방화구획재_준공금액",,,한국전력공사(화재확산방지),한국전력공사,한국전력공사(화재확산방지)_10억미만,,,,1,,
241,한국전력공사_50억미만,적격심사,도장습식방수석공,,"화재확산방지_준공금액,화재확산방지재_전문회사,방화구획재_전문회사,방화구획재_준공금액",,,한국전력공사(화재확산방지),한국전력공사,한국전력공사(화재확산방지)_50억미만,,,,1,,
242,한국전력공사_100억미만,적격심사,도장습식방수석공,,"화재확산방지_준공금액,화재확산방지재_전문회사,방화구획재_전문회사,방화구획재_준공금액",,,한국전력공사(화재확산방지),한국전력공사,한국전력공사(화재확산방지)_100억미만,,,,1,,
243,국방부_별표-1-1,종심제,토목,,,,1,국방부(종심제-토목),국방부,국방부(종심제-토목)_별표-1-1,,,,,,
244,국방부_별표-1-1,종심제,건축,,,,1,국방부(종심제-건축),국방부,국방부(종심제-건축)_별표-1-1,,,,,,
245,국방부_별표-1-1,종심제,산업환경설비,,,,1,국방부(종심제-산업환경설비),국방부,국방부(종심제-산업환경설비)_별표-1-1,,,,,,
246,국방부_별표-1-1,종심제,조경,,,,1,국방부(종심제-조경),국방부,국방부(종심제-조경)_별표-1-1,,,,,,
247,국방부_별표-1-1,종심제,준설,,,,1,국방부(종심제-준설),국방부,국방부(종심제-준설)_별표-1-1,,,,,,
248,국방부_별표-1-2,종심제,,고난도,,,1,국방부(종심제-고난도),국방부,국방부(종심제-고난도)_별표-1-2,,,,,,
249,국방부_별표-1-4,간이종심제,,실적제한,,,1,국방부(간이종심제-실적제한),국방부,국방부(간이종심제-실적제한)_별표-1-4,,,,,,
250,국방부_별표-1-3,종심제,,실적제한,,,1,국방부(종심제-실적제한),국방부,국방부(종심제-실적제한)_별표-1-3,,,,,,
251,국방부_별표-1-5,간이종심제,건축,,,,1,국방부(간이종심제-건축),국방부,국방부(간이종심제-건축)_별표-1-5,,,,,,
252,국방부_별표-1-5,간이종심제,토목,,,,1,국방부(간이종심제-토목),국방부,국방부(간이종심제-토목)_별표-1-5,,,,,,
253,국방부_별표-1-5,간이종심제,준설,,,,1,국방부(간이종심제-준설),국방부,국방부(간이종심제-준설)_별표-1-5,,,,,,
254,국방부_별표-1-5,간이종심제,,,,,1,국방부(간이종심제),국방부,국방부(간이종심제)_별표-1-5,,,,,,
255,행자부_유형-1,PQ,,유형-1,,,,행자부(PQ),행자부,행자부(PQ)_유형-1,,,,,,
256,행자부_유형-1,PQ,토목,유형-1,,,,행자부(PQ-토목),행자부,행자부(PQ-토목)_유형-1,,,,,,
257,행자부_유형-2,PQ,,유형-2,,,,행자부(PQ),행자부,행자부(PQ)_유형-2,,,,,,
258,행자부_유형-2,PQ,토목,유형-2,,,,행자부(PQ-토목),행자부,행자부(PQ-토목)_유형-2,,,,,,
259,행자부_유형-3,PQ,,유형-3,,,,행자부(PQ),행자부,행자부(PQ)_유형-3,,,,,,
260,행자부_유형-3,PQ,토목,유형-3,,,,행자부(PQ-토목),행자부,행자부(PQ-토목)_유형-3,,,,,,
261,행자부_제7절,PQ,,,,,,행자부(PQ-적격),행자부,행자부(PQ-적격)_제7절,,,,,,
262,행자부_제7절,PQ,토목,,,,,행자부(PQ-토목-적격),행자부,행자부(PQ-토목-적격)_제7절,,,,,,
263,조달청_별표-2-1,PQ,,고난도,,,,조달청(PQ-고난도),조달청,조달청(PQ-고난도)_별표-2-1,,,,,,
264,조달청_별표-2-2,PQ,,고난도-지역의무,,,,조달청(PQ-고난도-지역의무),조달청,조달청(PQ-고난도-지역의무)_별표-2-2,,,,,,
265,조달청_별표-2-3,PQ,,실적제한,,,,조달청(PQ-실적제한),조달청,조달청(PQ-실적제한)_별표-2-3,,,,,,
266,조달청_별표-2-4,PQ,,실적제한-지역의무,,,,조달청(PQ-실적제한-지역의무),조달청,조달청(PQ-실적제한-지역의무)_별표-2-4,,,,,,
267,조달청_별표-2-5,PQ,건축,,,,,조달청(PQ-건축),조달청,조달청(PQ-건축)_별표-2-5,,,,,,
268,조달청_별표-2-5,PQ,토목,,,,,조달청(PQ-토목),조달청,조달청(PQ-토목)_별표-2-5,,,,,,
269,조달청_별표-2-5,PQ,조경,,,,,조달청(PQ-조경),조달청,조달청(PQ-조경)_별표-2-5,,,,,,
270,조달청_별표-2-5,PQ,,,,,,조달청(PQ),조달청,조달청(PQ)_별표-2-5,,,,,,
271,조달청_별표-2-6,PQ,건축,지역의무,,,,조달청(PQ-건축-지역의무),조달청,조달청(PQ-건축-지역의무)_별표-2-6,,,,,,
272,조달청_별표-2-6,PQ,토목,지역의무,,,,조달청(PQ-토목-지역의무),조달청,조달청(PQ-토목-지역의무)_별표-2-6,,,,,,
273,조달청_별표-2-6,PQ,조경,지역의무,,,,조달청(PQ-조경-지역의무),조달청,조달청(PQ-조경-지역의무)_별표-2-6,,,,,,
274,조달청_별표-2-6,PQ,,지역의무,,,,조달청(PQ-지역의무),조달청,조달청(PQ-지역의무)_별표-2-6,,,,,,
275,조달청_별표-1-1,PQ,,,아파트_준공세대,,,조달청(PQ-공공주택),조달청,조달청(PQ-공공주택)_별표-1-1,,,,,,
276,조달청_별표-1-2,PQ,,지역의무,아파트_준공세대,,,조달청(PQ-지역의무-공공주택),조달청,조달청(PQ-지역의무-공공주택)_별표-1-2,,,,,,
277,한국토지주택공사_별표-4,PQ,,,단지조성,,,한국토지주택공사(PQ-단지조성),한국토지주택공사,한국토지주택공사(PQ-단지조성)_별표-4,,,,,,
278,한국토지주택공사_별표-2,PQ,,,,1,,한국토지주택공사(PQ),한국토지주택공사,한국토지주택공사(PQ)_별표-2,,,,,,
279,한국토지주택공사_별표-4,PQ,,,,,,한국토지주택공사(PQ-그외),한국토지주택공사,한국토지주택공사(PQ-그외)_별표-4,,,,,,
280,한국토지주택공사_별표-4,PQ,전기,,,,,한국토지주택공사(PQ-전기),한국토지주택공사,한국토지주택공사(PQ-전기)_별표-4,,,,,,
281,한국토지주택공사_별표-4,PQ,조경,,,,,한국토지주택공사(PQ-조경),한국토지주택공사,한국토지주택공사(PQ-조경)_별표-4,,,,,,
282,한국토지주택공사_별표-3,PQ,,,,,,한국토지주택공사(PQ-공공주택),한국토지주택공사,한국토지주택공사(PQ-공공주택)_별표-3,,,,,,
283,한국토지주택공사_별표-3,PQ,,실적제한,,,,한국토지주택공사(PQ-실적제한-공공주택),한국토지주택공사,한국토지주택공사(PQ-실적제한-공공주택)_별표-3,,,,,,
284,국가철도공단_별표-2-2,PQ,,,"철도신호[선로전환기]_준공개수,철도신호[선로전환기]_준공금액",,,국가철도공단(PQ-철도신호),국가철도공단,국가철도공단(PQ-철도신호)_별표-2-2,,,,,,
285,국가철도공단_별표-2-2,PQ,,,"전차선[신설]_준공금액,전차선[신설]_준공길이,전차선[합성]_준공금액,전차선[합성]_준공길이,전차선_준공금액",,,국가철도공단(PQ-전차선),국가철도공단,국가철도공단(PQ-전차선)_별표-2-2,,,,,,
286,국가철도공단_별표-2-2,PQ,,,,,,국가철도공단(PQ),국가철도공단,국가철도공단(PQ)_별표-2-2,,,,,,
287,국가철도공단_별표-2-2,PQ,,,,,,국가철도공단(PQ),국가철도공단,국가철도공단(PQ)_별표-2-2,,,,,,
288,한국전력공사_별표,PQ,,,,,,한국전력공사(PQ),한국전력공사,한국전력공사(PQ)_별표,,,,,,
289,한국전력공사_별표,PQ,,고난도,"전력구[지하연속법]_준공금액,전력구[기계식]_준공길이,전력구[발파식]_준공길이,전력구[인력식]_준공길이,전력구[개착식]_준공길이,전력구_준공길이",,,한국전력공사(PQ-고난도-전력구),한국전력공사,한국전력공사(PQ-고난도-전력구)_별표,,,,,,
290,한국전력공사_별표,PQ,,,"전력구[지하연속법]_준공금액,전력구[기계식]_준공길이,전력구[발파식]_준공길이,전력구[인력식]_준공길이,전력구[개착식]_준공길이,전력구_준공길이",,,한국전력공사(PQ-전력구),한국전력공사,한국전력공사(PQ-전력구)_별표,,,,,,
291,한국전력공사_별표,PQ,,,"4도체_준공금액,4도체_준공길이,6도체_준공금액,6도체_준공길이,단도체_준공금액,단도체_준공길이,복도체_준공금액,복도체_준공길이,4도체_적격업체,6도체_적격업체,복도체_적격업체",,,한국전력공사(PQ-가공송전),한국전력공사,한국전력공사(PQ-가공송전)_별표,,,,,,
292,한국농어촌공사_별표-3-3,PQ,,지역의무,,,,한국농어촌공사(PQ-지역의무),한국농어촌공사,한국농어촌공사(PQ-지역의무)_별표-3-3,,,,,,
293,한국농어촌공사_별표-3-1,PQ,,,,,,한국농어촌공사(PQ),한국농어촌공사,한국농어촌공사(PQ)_별표-3-1,,,,,,
294,한국농어촌공사_별표-2-2,PQ,,고난도-지역의무,,,,한국농어촌공사(PQ-고난도-지역의무),한국농어촌공사,한국농어촌공사(PQ-고난도-지역의무)_별표-2-2,,,,,,
295,한국농어촌공사_별표-2-1,PQ,준설,고난도,,,,한국농어촌공사(PQ-고난도-준설),한국농어촌공사,한국농어촌공사(PQ-고난도-준설)_별표-2-1,,,,,,
296,한국농어촌공사_별표-2-1,PQ,,고난도,,,,한국농어촌공사(PQ-고난도),한국농어촌공사,한국농어촌공사(PQ-고난도)_별표-2-1,,,,,,
297,한국도로공사_별표-3-4,PQ,,안전평가,,,,한국도로공사(PQ-안전평가),한국도로공사,한국도로공사(PQ-안전평가)_별표-3-4,,,,,,
298,한국도로공사_별표-3-2,PQ,,,,,,한국도로공사(PQ),한국도로공사,한국도로공사(PQ)_별표-3-2,,,,,,
299,한국도로공사_별표-3-4,PQ,,실적제한-지역의무-안전평가,,,,한국도로공사(PQ-실적제한-지역의무-안전평가),한국도로공사,한국도로공사(PQ-실적제한-지역의무-안전평가)_별표-3-4,,,,,,
300,한국도로공사_별표-3-2,PQ,,실적제한-지역의무,,,,한국도로공사(PQ-실적제한-지역의무),한국도로공사,한국도로공사(PQ-실적제한-지역의무)_별표-3-2,,,,,,
301,한국도로공사_별표-3-4,PQ,,실적제한-안전평가,,,,한국도로공사(PQ-실적제한-안전평가),한국도로공사,한국도로공사(PQ-실적제한-안전평가)_별표-3-4,,,,,,
302,한국도로공사_별표-3-2,PQ,,실적제한,,,,한국도로공사(PQ-실적제한),한국도로공사,한국도로공사(PQ-실적제한)_별표-3-2,,,,,,
303,한국도로공사_별표-3-3,PQ,,고난도-지역의무-안전평가,,,,한국도로공사(PQ-고난도-지역의무-안전평가),한국도로공사,한국도로공사(PQ-고난도-지역의무-안전평가)_별표-3-3,,,,,,
304,한국도로공사_별표-3-1,PQ,,고난도-지역의무,,,,한국도로공사(PQ-고난도-지역의무),한국도로공사,한국도로공사(PQ-고난도-지역의무)_별표-3-1,,,,,,
305,한국도로공사_별표-3-3,PQ,,고난도-안전평가,,,,한국도로공사(PQ-고난도-안전평가),한국도로공사,한국도로공사(PQ-고난도-안전평가)_별표-3-3,,,,,,
306,한국도로공사_별표-3-1,PQ,,고난도,,,,한국도로공사(PQ-고난도),한국도로공사,한국도로공사(PQ-고난도)_별표-3-1,,,,,,
307,국방부_별표-3-1,PQ,,,,,,국방부(PQ),국방부,국방부(PQ)_별표-3-1,,,,,,
308,국방부_별표-3-1,PQ,,실적제한,,,,국방부(PQ-실적제한),국방부,국방부(PQ-실적제한)_별표-3-1,,,,,,
309,국방부_별표-3-유형3,PQ,준설,고난도,,,,국방부(PQ-고난도-준설),국방부,국방부(PQ-고난도-준설)_별표-3-유형3,,,,,,
310,국방부_별표-3-유형3,PQ,,고난도,,,,국방부(PQ-고난도),국방부,국방부(PQ-고난도)_별표-3-유형3,,,,,,
311,국방부_별표-3-유형2,PQ,,고난도,,,,국방부(PQ-고난도),국방부,국방부(PQ-고난도)_별표-3-유형2,,,,,,
312,국방부_별표-3-유형1,PQ,,고난도,,,,국방부(PQ-고난도),국방부,국방부(PQ-고난도)_별표-3-유형1,,,,,,
313,국방부_별표-3-유형3,PQ,준설,고난도,,,,국방부(PQ-고난도-준설),국방부,국방부(PQ-고난도-준설)_별표-3-유형3,,,,,,
314,국방부_별표-3-유형3,PQ,,고난도,,,,국방부(PQ-고난도),국방부,국방부(PQ-고난도)_별표-3-유형3,,,,,,
315,국방부_별표-3-유형2,PQ,,고난도,,,,국방부(PQ-고난도),국방부,국방부(PQ-고난도)_별표-3-유형2,,,,,,
316,국방부_별표-3-유형1,PQ,,고난도,,,,국방부(PQ-고난도),국방부,국방부(PQ-고난도)_별표-3-유형1,,,,,,
317,국방부_별표-3-유형3,PQ,준설,고난도,,,,국방부(PQ-고난도-준설),국방부,국방부(PQ-고난도-준설)_별표-3-유형3,,,,,,
318,국방부_별표-3-유형3,PQ,,고난도,,,,국방부(PQ-고난도),국방부,국방부(PQ-고난도)_별표-3-유형3,,,,,,
319,국방부_별표-3-유형2,PQ,,고난도,,,,국방부(PQ-고난도),국방부,국방부(PQ-고난도)_별표-3-유형2,,,,,,
320,국방부_별표-3-유형1,PQ,,고난도,,,,국방부(PQ-고난도),국방부,국방부(PQ-고난도)_별표-3-유형1,,,,,,
321,한국공항공사_별표-2-1,PQ,,고난도,,,,한국공항공사(PQ-고난도),한국공항공사,한국공항공사(PQ-고난도)_별표-2-1,,,,,,
322,한국공항공사_별표-2-2,PQ,,고난도-지역의무,,,,한국공항공사(PQ-고난도-지역의무),한국공항공사,한국공항공사(PQ-고난도-지역의무)_별표-2-2,,,,,,
323,한국공항공사_별표-2-3,PQ,,실적제한,,,,한국공항공사(PQ-실적제한),한국공항공사,한국공항공사(PQ-실적제한)_별표-2-3,,,,,,
324,한국공항공사_별표-2-4,PQ,,실적제한-지역의무,,,,한국공항공사(PQ-실적제한-지역의무),한국공항공사,한국공항공사(PQ-실적제한-지역의무)_별표-2-4,,,,,,
325,한국공항공사_별표-2-5,PQ,,,,,,한국공항공사(PQ),한국공항공사,한국공항공사(PQ)_별표-2-5,,,,,,
326,한국공항공사_별표-2-6,PQ,,지역의무,,,,한국공항공사(PQ-지역의무),한국공항공사,한국공항공사(PQ-지역의무)_별표-2-6,,,,,,
327,한국석유공사_별표-1,PQ,,고난도,,,,한국석유공사(PQ-고난도),한국석유공사,한국석유공사(PQ-고난도)_별표-1,,,,,,
328,한국석유공사_별표-1,PQ,,고난도-지역의무,,,,한국석유공사(PQ-고난도-지역의무),한국석유공사,한국석유공사(PQ-고난도-지역의무)_별표-1,,,,,,
329,한국석유공사_별표-2,PQ,,실적제한,,,,한국석유공사(PQ-실적제한),한국석유공사,한국석유공사(PQ-실적제한)_별표-2,,,,,,
330,한국석유공사_별표-2,PQ,,실적제한-지역의무,,,,한국석유공사(PQ-실적제한-지역의무),한국석유공사,한국석유공사(PQ-실적제한-지역의무)_별표-2,,,,,,
331,한국석유공사_별표-2,PQ,,,,,,한국석유공사(PQ),한국석유공사,한국석유공사(PQ)_별표-2,,,,,,
332,한국석유공사_별표-2,PQ,,지역의무,,,,한국석유공사(PQ-지역의무),한국석유공사,한국석유공사(PQ-지역의무)_별표-2,,,,,,
333,한국지역난방공사_별표-1-1,PQ,,고난도,,,,한국지역난방공사(PQ-고난도),한국지역난방공사,한국지역난방공사(PQ-고난도)_별표-1-1,,,,,,
334,한국지역난방공사_별표-1-1,PQ,,고난도-지역의무,,,,한국지역난방공사(PQ-고난도-지역의무),한국지역난방공사,한국지역난방공사(PQ-고난도-지역의무)_별표-1-1,,,,,,
335,한국지역난방공사_별표-1-2,PQ,,실적제한,,,,한국지역난방공사(PQ-실적제한),한국지역난방공사,한국지역난방공사(PQ-실적제한)_별표-1-2,,,,,,
336,한국지역난방공사_별표-1-2,PQ,,실적제한-지역의무,,,,한국지역난방공사(PQ-실적제한-지역의무),한국지역난방공사,한국지역난방공사(PQ-실적제한-지역의무)_별표-1-2,,,,,,
337,한국가스공사_별표-2-1,PQ,,고난도,,,,한국가스공사(PQ-고난도),한국가스공사,한국가스공사(PQ-고난도)_별표-2-1,,,,,,
338,한국가스공사_별표-2-2,PQ,,고난도-지역의무,,,,한국가스공사(PQ-고난도-지역의무),한국가스공사,한국가스공사(PQ-고난도-지역의무)_별표-2-2,,,,,,
339,한국가스공사_별표-2-3,PQ,,실적제한,,,,한국가스공사(PQ-실적제한),한국가스공사,한국가스공사(PQ-실적제한)_별표-2-3,,,,,,
340,한국가스공사_별표-2-4,PQ,,실적제한-지역의무,,,,한국가스공사(PQ-실적제한-지역의무),한국가스공사,한국가스공사(PQ-실적제한-지역의무)_별표-2-4,,,,,,
341,한국수자원공사_별표-4-2,PQ,,안전평가,,,,한국수자원공사(PQ-안전평가),한국수자원공사,한국수자원공사(PQ-안전평가)_별표-4-2,,,,,,
342,한국수자원공사_별표-4-1,PQ,,,,,,한국수자원공사(PQ),한국수자원공사,한국수자원공사(PQ)_별표-4-1,,,,,,
343,한국수자원공사_별표-4-2,PQ,,실적제한-지역의무-안전평가,,,,한국수자원공사(PQ-실적제한-지역의무-안전평가),한국수자원공사,한국수자원공사(PQ-실적제한-지역의무-안전평가)_별표-4-2,,,,,,
344,한국수자원공사_별표-4-1,PQ,,실적제한-지역,,,,한국수자원공사(PQ-실적제한-지역의무),한국수자원공사,한국수자원공사(PQ-실적제한-지역의무)_별표-4-1,,,,,,
345,한국수자원공사_별표-4-2,PQ,,실적제한,,,,한국수자원공사(PQ-실적제한-안전평가),한국수자원공사,한국수자원공사(PQ-실적제한-안전평가)_별표-4-2,,,,,,
346,한국수자원공사_별표-4-1,PQ,,실적제한,,,,한국수자원공사(PQ-실적제한),한국수자원공사,한국수자원공사(PQ-실적제한)_별표-4-1,,,,,,
347,한국수자원공사_별표-3-2,PQ,,고난도-지역의무-안전평가,,,,한국수자원공사(PQ-고난도-지역의무-안전평가),한국수자원공사,한국수자원공사(PQ-고난도-지역의무-안전평가)_별표-3-2,,,,,,
348,한국수자원공사_별표-3-1,PQ,,고난도-지역의무,,,,한국수자원공사(PQ-고난도-지역의무),한국수자원공사,한국수자원공사(PQ-고난도-지역의무)_별표-3-1,,,,,,
349,한국수자원공사_별표-3-2,PQ,,고난도-안전평가,,,,한국수자원공사(PQ-고난도-안전평가),한국수자원공사,한국수자원공사(PQ-고난도-안전평가)_별표-3-2,,,,,,
350,한국수자원공사_별표-3-1,PQ,,고난도,,,,한국수자원공사(PQ-고난도),한국수자원공사,한국수자원공사(PQ-고난도)_별표-3-1,,,,,,
351,조달청_별표-1-1,종심제,토목,,,,,조달청(종심제-토목),조달청,조달청(종심제-토목)_별표-1-1,,,,,,
352,조달청_별표-1-1,종심제,건축,,,,,조달청(종심제-건축),조달청,조달청(종심제-건축)_별표-1-1,,,,,,
353,조달청_별표-1-1,종심제,산업환경설비,,,,,조달청(종심제-산업환경설비),조달청,조달청(종심제-산업환경설비)_별표-1-1,,,,,,
354,조달청_별표-1-1,종심제,조경,,,,,조달청(종심제-조경),조달청,조달청(종심제-조경)_별표-1-1,,,,,,
355,조달청_별표-1-1,종심제,준설,,,,,조달청(종심제-준설),조달청,조달청(종심제-준설)_별표-1-1,,,,,,
356,조달청_별표-1-2,종심제,,고난도,,,,조달청(종심제-고난도),조달청,조달청(종심제-고난도)_별표-1-2,,,,,,
357,조달청_별표-1-4,간이종심제,,실적제한,,,,조달청(간이종심제-실적제한),조달청,조달청(간이종심제-실적제한)_별표-1-4,,,,,,
358,조달청_별표-1-3,종심제,,실적제한,,,,조달청(종심제-실적제한),조달청,조달청(종심제-실적제한)_별표-1-3,,,,,,
359,조달청_별표-1-5,간이종심제,건축,,,,,조달청(간이종심제-건축),조달청,조달청(간이종심제-건축)_별표-1-5,,,,,,
360,조달청_별표-1-5,간이종심제,토목,,,,,조달청(간이종심제-토목),조달청,조달청(간이종심제-토목)_별표-1-5,,,,,,
361,조달청_별표-1-5,간이종심제,준설,,,,,조달청(간이종심제-준설),조달청,조달청(간이종심제-준설)_별표-1-5,,,,,,
362,조달청_별표-1-5,간이종심제,,,,,,조달청(간이종심제),조달청,조달청(간이종심제)_별표-1-5,,,,,,
363,한국토지주택공사_별표-1,간이종심제,,,,,,한국토지주택공사(간이종심제),한국토지주택공사,한국토지주택공사(간이종심제)_별표-1,,,,,,
364,한국토지주택공사_별표-1,간이종심제,,,,,,한국토지주택공사(간이종심제),한국토지주택공사,한국토지주택공사(간이종심제)_별표-1,,,,,,
365,한국토지주택공사_별표-1,간이종심제,조경,,,,,한국토지주택공사(간이종심제-조경),한국토지주택공사,한국토지주택공사(간이종심제-조경)_별표-1,,,,,,
366,한국토지주택공사_별표-1-1,종심제,,,주거시설,,,한국토지주택공사(종심제-주거시설),한국토지주택공사,한국토지주택공사(종심제-주거시설)_별표-1-1,,,,,,
367,한국토지주택공사_별표-1-1,종심제,,,주거시설외,,,한국토지주택공사(종심제-주거시설외),한국토지주택공사,한국토지주택공사(종심제-주거시설외)_별표-1-1,,,,,,
368,한국토지주택공사_별표-1-2,종심제,,고난도,주거시설,,,한국토지주택공사(종심제-고난도-주거시설),한국토지주택공사,한국토지주택공사(종심제-고난도-주거시설)_별표-1-2,,,,,,
369,한국토지주택공사_별표-1-2,종심제,,고난도,주거시설외,,,한국토지주택공사(종심제-고난도-주거시설외),한국토지주택공사,한국토지주택공사(종심제-고난도-주거시설외)_별표-1-2,,,,,,
370,국가철도공단_별표-1-3,간이종심제,전문소방,,,,,국가철도공단(간이종심제-소방),국가철도공단,국가철도공단(간이종심제-소방)_별표-1-3,,,,,,
371,국가철도공단_별표-1-3,간이종심제,,,,,,국가철도공단(간이종심제),국가철도공단,국가철도공단(간이종심제)_별표-1-3,,,,,,
372,국가철도공단_별표-1-1,종심제,,,,,,국가철도공단(종심제),국가철도공단,국가철도공단(종심제)_별표-1-1,,,,,,
373,한국전력공사_별표-13-3,간이종심제,,,,,,한국전력공사(간이종심제),한국전력공사,한국전력공사(간이종심제)_별표-13-3,,,,,,
374,한국전력공사_별표-13-2,종심제,,고난도,,,,한국전력공사(종심제-고난도),한국전력공사,한국전력공사(종심제-고난도)_별표-13-2,,,,,,
375,한국전력공사_별표-13-1,종심제,,,,,,한국전력공사(종심제),한국전력공사,한국전력공사(종심제)_별표-13-1,,,,,,
376,한국전력공사_별표-7-3,간이종심제,,,"전력구[지하연속법]_준공금액,전력구[기계식]_준공길이,전력구[발파식]_준공길이,전력구[인력식]_준공길이,전력구[개착식]_준공길이,전력구_준공길이",,,한국전력공사(간이종심제-전력구),한국전력공사,한국전력공사(간이종심제-전력구)_별표-7-3,,,,,,
377,한국전력공사_별표-7-2,종심제,,고난도,"전력구[지하연속법]_준공금액,전력구[기계식]_준공길이,전력구[발파식]_준공길이,전력구[인력식]_준공길이,전력구[개착식]_준공길이,전력구_준공길이",,,한국전력공사(종심제-고난도-전력구),한국전력공사,한국전력공사(종심제-고난도-전력구)_별표-7-2,,,,,,
378,한국전력공사_별표-7-1,종심제,,,"전력구[지하연속법]_준공금액,전력구[기계식]_준공길이,전력구[발파식]_준공길이,전력구[인력식]_준공길이,전력구[개착식]_준공길이,전력구_준공길이",,,한국전력공사(종심제-전력구),한국전력공사,한국전력공사(종심제-전력구)_별표-7-1,,,,,,
379,한국전력공사_별표-1-3,간이종심제,,,"4도체_준공금액,4도체_준공길이,6도체_준공금액,6도체_준공길이,단도체_준공금액,단도체_준공길이,복도체_준공금액,복도체_준공길이,4도체_적격업체,6도체_적격업체,복도체_적격업체",,,한국전력공사(간이종심제-가공송전),한국전력공사,한국전력공사(간이종심제-가공송전)_별표-1-3,,,,,,
380,한국전력공사_별표-1-2,종심제,,고난도,"4도체_준공금액,4도체_준공길이,6도체_준공금액,6도체_준공길이,단도체_준공금액,단도체_준공길이,복도체_준공금액,복도체_준공길이,4도체_적격업체,6도체_적격업체,복도체_적격업체",,,한국전력공사(종심제-고난도-가공송전),한국전력공사,한국전력공사(종심제-고난도-가공송전)_별표-1-2,,,,,,
381,한국전력공사_별표-1-1,종심제,,,"4도체_준공금액,4도체_준공길이,6도체_준공금액,6도체_준공길이,단도체_준공금액,단도체_준공길이,복도체_준공금액,복도체_준공길이,4도체_적격업체,6도체_적격업체,복도체_적격업체",,,한국전력공사(종심제-가공송전),한국전력공사,한국전력공사(종심제-가공송전)_별표-1-1,,,,,,
382,조달청_별표-1-5,간이종심제,,,,,,한국철도공사(간이종심제),조달청,한국철도공사(간이종심제)_별표-1-5,,,,,,
383,조달청_별표-1-5,간이종심제,철도궤도,,,,,한국철도공사(간이종심제-철도궤도),조달청,한국철도공사(간이종심제-철도궤도)_별표-1-5,,,,,,
384,국방부_별표-1-1,종심제,토목,,,,,국방부(종심제-토목),국방부,국방부(종심제-토목)_별표-1-1,,,,,,
385,국방부_별표-1-1,종심제,건축,,,,,국방부(종심제-건축),국방부,국방부(종심제-건축)_별표-1-1,,,,,,
386,국방부_별표-1-1,종심제,산업환경설비,,,,,국방부(종심제-산업환경설비),국방부,국방부(종심제-산업환경설비)_별표-1-1,,,,,,
387,국방부_별표-1-1,종심제,조경,,,,,국방부(종심제-조경),국방부,국방부(종심제-조경)_별표-1-1,,,,,,
388,국방부_별표-1-1,종심제,준설,,,,,국방부(종심제-준설),국방부,국방부(종심제-준설)_별표-1-1,,,,,,
389,국방부_별표-1-2,종심제,,고난도,,,,국방부(종심제-고난도),국방부,국방부(종심제-고난도)_별표-1-2,,,,,,
390,국방부_별표-1-4,간이종심제,,실적제한,,,,국방부(간이종심제-실적제한),국방부,국방부(간이종심제-실적제한)_별표-1-4,,,,,,
391,국방부_별표-1-3,종심제,,실적제한,,,,국방부(종심제-실적제한),국방부,국방부(종심제-실적제한)_별표-1-3,,,,,,
392,국방부_별표-1-5,간이종심제,건축,,,,,국방부(간이종심제-건축),국방부,국방부(간이종심제-건축)_별표-1-5,,,,,,
393,국방부_별표-1-5,간이종심제,토목,,,,,국방부(간이종심제-토목),국방부,국방부(간이종심제-토목)_별표-1-5,,,,,,
394,국방부_별표-1-5,간이종심제,준설,,,,,국방부(간이종심제-준설),국방부,국방부(간이종심제-준설)_별표-1-5,,,,,,
395,국방부_별표-1-5,간이종심제,,,,,,국방부(간이종심제),국방부,국방부(간이종심제)_별표-1-5,,,,,,
396,행자부_유형-1,적격성평가,,유형-1,,,,행자부(적격성심사),행자부,행자부(적격성심사)_유형-1,,,,,,
397,행자부_유형-1,종합평가,,유형-1,,,,행자부(종합평가),행자부,행자부(종합평가)_유형-1,,,,,,
398,행자부_유형-1,종합평가,토목,유형-1,,,,행자부(종합평가-토목),행자부,행자부(종합평가-토목)_유형-1,,,,,,
399,행자부_유형-2,적격성평가,,유형-2,,,,행자부(적격성심사),행자부,행자부(적격성심사)_유형-2,,,,,,
400,행자부_유형-2,종합평가,,유형-2,,,,행자부(종합평가),행자부,행자부(종합평가)_유형-2,,,,,,
401,행자부_유형-2,종합평가,토목,유형-2,,,,행자부(종합평가-토목),행자부,행자부(종합평가-토목)_유형-2,,,,,,
402,행자부_유형-3,적격성평가,,유형-3,,,,행자부(적격성심사),행자부,행자부(적격성심사)_유형-3,,,,,,
403,행자부_유형-3,종합평가,,유형-3,,,,행자부(종합평가),행자부,행자부(종합평가)_유형-3,,,,,,
404,행자부_유형-3,종합평가,토목,유형-3,,,,행자부(종합평가-토목),행자부,행자부(종합평가-토목)_유형-3,,,,,,
