id,원본 (등록증 표기),일반_기타_전문,세부유형,업종,주력업종,상위업종,대체업종,길이,상호진출_상대종목,단독평가_제외
1,산림자원의 조성 및 관리에 관한 법률에 따른 산림사업법인(숲가꾸기 및 병해충방제)면허,기타건설,확장,산림사업_숲길조성관리,산림사업_숲길조성관리,,,47,,
2,산림자원의 조성 및 관리에 관한 법률에 따른 산림사업법인,기타건설,확장,산림사업,산림사업,,,31,,
3,일반소방시설공사업(기계)(업종코드:0038),기타건설,표준,기계소방,기계소방,전문소방,,24,,
4,일반소방시설공사업(전기)(업종코드:0039),기타건설,표준,전기소방,전기소방,전문소방,,24,,
5,산림사업법인(숲가꾸기 및 병해충 방제),기타건설,확장,산림사업_숲길조성관리,산림사업_숲길조성관리,,,21,,
6,산림사업법인(산림경영계획 및 산림조사),기타건설,확장,산림사업_산림경영계획및산림조사,산림사업_산림경영계획및산림조사,,,21,,
7,전문소방시설공사업(업종코드: 0040),기타건설,표준,전문소방,전문소방,,,21,,
8,일반소방시설공사업(기계 및 전기분야),기타건설,표준,전문소방,전문소방,,,20,,
9,산림사업법인(숲가꾸기 및 병해충방제),기타건설,확장,산림사업_숲가꾸기및병해충방제,산림사업_숲가꾸기및병해충방제,,,20,,
10,금속창호 · 지붕 · 건축물조립공사업,전문건설,표준,금속창호지붕,금속창호지붕,,,20,,
11,산림사업법인(도시숲 등의 조성·관리),기타건설,확장,산림사업_도시숲등조성,산림사업_도시숲등조성,,,20,,
12,"산림사업법인(도시숲 등 조성, 관리)",기타건설,확장,산림사업_도시숲등조성,산림사업_도시숲등조성,,,20,,
13,산림조합법에 의하여 설립된 산림조합,기타건설,확장,산림사업,산림사업,,,19,,
14,금속·창호· 지붕·건축물 조립공사업,전문건설,표준,금속창호지붕,금속창호지붕,,,19,,
15,금속구조물⦁창호⦁지붕건축물조립공사업,전문건설,표준,금속창호지붕,금속창호지붕,,,19,,
16,금속·창호·지붕·건축물 조립 공사업,전문건설,표준,금속창호지붕,금속창호지붕,,,19,,
17,금속· 창호·지붕·건축물 조립공사업,전문건설,표준,금속창호지붕,금속창호지붕,,,19,,
18,금속‧ 창호‧지붕‧건축물 조립공사업,전문건설,표준,금속창호지붕,금속창호지붕,,,19,,
19,"산림사업법인(도시숲등 조성, 관리)",기타건설,확장,산림사업_도시숲등조성,산림사업_도시숲등조성,,,19,,
20,"금속,창호,지붕,건축물 조립공사업",전문건설,표준,금속창호지붕,금속창호지붕,,,18,,
21,금속.창호.지붕.건축물 조립공사업,전문건설,표준,금속창호지붕,금속창호지붕,,,18,,
22,금속⋅창호⋅지붕⋅건축물 조립공사업,전문건설,표준,금속창호지붕,금속창호지붕,,,18,,
23,금속·창호·지붕·건축물 조립공사업,전문건설,표준,금속창호지붕,금속창호지붕,,,18,,
24,금속ㆍ창호ㆍ지붕ㆍ건축물 조립공사업,전문건설,표준,금속창호지붕,금속창호지붕,,,18,,
25,금속•창호•지붕•건축물 조립공사업,전문건설,표준,금속창호지붕,금속창호지붕,,,18,,
26,금속‧창호‧지붕‧건축물 조립공사업,전문건설,표준,금속창호지붕,금속창호지붕,,,18,,
27,금속・창호・지붕・건축물 조립공사업,전문건설,표준,금속창호지붕,금속창호지붕,,,18,,
28,금속․창호․지붕․건축물 조립공사업,전문건설,표준,금속창호지붕,금속창호지붕,,,18,,
29,금속·창호·지붕·건축물·조립공사업,전문건설,표준,금속창호지붕,금속창호지붕,,,18,,
30,"금속,창호ㆍ지붕,건축물 조립공사업",전문건설,표준,금속창호지붕,금속창호지붕,,,18,,
31,금속·창호·지붕· 건축물조립공사업,전문건설,표준,금속창호지붕,금속창호지붕,,,18,,
32,금속·창호·지붕·건축물조립 공사업,전문건설,표준,금속창호지붕,금속창호지붕,,,18,,
33,금속구조물⦁창호⦁지붕건축조립공사업,전문건설,표준,금속창호지붕,금속창호지붕,,,18,,
34,금속·창호··지붕·건축물조립공사업,전문건설,표준,금속창호지붕,금속창호지붕,,,18,,
35,금속‧ 창호‧지붕‧건축물조립공사업,전문건설,표준,금속창호지붕,금속창호지붕,,,18,,
36,금속창호 · 지붕건출묵 조립공사업,전문건설,표준,금속창호지붕,금속창호지붕,,,18,,
37,"포장공사, 보링·그라우팅·파일공사",전문건설,표준,지반조성포장,지반조성포장,,,18,,
38,산림조합법에 의한 산림조합지역조합,기타건설,확장,산림조합_지역조합,산림조합_지역조합,,,18,,
39,"금속,창호,지붕,건축물 조립공사",전문건설,표준,금속창호지붕,금속창호지붕,,,17,,
40,"금속,창호,지붕,건축물조립공사업",전문건설,표준,금속창호지붕,금속창호지붕,,,17,,
41,금속.창호.지붕.건축물 조립공사,전문건설,표준,금속창호지붕,금속창호지붕,,,17,,
42,금속.창호.지붕.건축물조립공사업,전문건설,표준,금속창호지붕,금속창호지붕,,,17,,
43,금속․창호․지붕․건축물조립공사업,전문건설,표준,금속창호지붕,금속창호지붕,,,17,,
44,금속·창호․지붕·건축물조립공사업,전문건설,표준,금속창호지붕,금속창호지붕,,,17,,
45,금속·창호·지붕·건축물 조립공사,전문건설,표준,금속창호지붕,금속창호지붕,,,17,,
46,금속·창호·지붕·건축물조립공사업,전문건설,표준,금속창호지붕,금속창호지붕,,,17,,
47,금속·창호·지붕건축물 조립공사업,전문건설,표준,금속창호지붕,금속창호지붕,,,17,,
48,금속⦁창호⦁지붕⦁건축물조립공사업,전문건설,표준,금속창호지붕,금속창호지붕,,,17,,
49,"금속창호,지붕,건축물 조립공사업",전문건설,표준,금속창호지붕,금속창호지붕,,,17,,
50,금속창호.지붕.건축물 조립공사업,전문건설,표준,금속창호지붕,금속창호지붕,,,17,,
51,금속창호·지붕·건축물 조립공사업,전문건설,표준,금속창호지붕,금속창호지붕,,,17,,
52,금속‧창호‧지붕‧건축물조립공사업,전문건설,표준,금속창호지붕,금속창호지붕,,,17,,
53,금속창호ㆍ지붕ㆍ건축물 조립공사업,전문건설,표준,금속창호지붕,금속창호지붕,,,17,,
54,금속ㆍ창호ㆍ지붕 건축물조립공사업,전문건설,표준,금속창호지붕,금속창호지붕,,,17,,
55,금속ㆍ창호ㆍ지붕ㆍ건축물 조립공사,전문건설,표준,금속창호지붕,금속창호지붕,,,17,,
56,금속ㆍ창호ㆍ지붕ㆍ건축물조립공사업,전문건설,표준,금속창호지붕,금속창호지붕,,,17,,
57,금속ㆍ창호ㆍ지붕ㆍ건출물조립공사업,전문건설,표준,금속창호지붕,금속창호지붕,,,17,,
58,금속·창호ㆍ지붕·건축물조립공사업,전문건설,표준,금속창호지붕,금속창호지붕,,,17,,
59,금속･창호･지붕･건축물조립공사업,전문건설,표준,금속창호지붕,금속창호지붕,,,17,,
60,금속‧창호․지붕․건축물조립공사업,전문건설,표준,금속창호지붕,금속창호지붕,,,17,,
61,금속·창호·지붕·건축물조립공사업,전문건설,표준,금속창호지붕,금속창호지붕,,,17,,
62,"금속창호, 지붕건축물 조립공사업",전문건설,표준,금속창호지붕,금속창호지붕,,,17,,
63,금속구조물 · 창호 · 온실공사,전문건설,표준,금속창호지붕,금속구조물,,,17,,
64,산림사업법인(연휴양림 등 조성),기타건설,확장,산림사업_자연휴양림등조성,산림사업_자연휴양림등조성,,,17,,
65,산림사업법인(자연휴양림등 조성),기타건설,확장,산림사업_자연휴양림등조성,산림사업_자연휴양림등조성,,,17,,
66,"산림사업법인(숲길 조성,관리)",기타건설,확장,산림사업_숲길조성관리,산림사업_숲길조성관리,,,16,,
67,산림사업법인숲가꾸기및병해충방제,기타건설,확장,산림사업_숲길조성관리,산림사업_숲길조성관리,,,16,,
68,산림사업법인(숲길 조성·관리),기타건설,확장,산림사업_숲길조성관리,산림사업_숲길조성관리,,,16,,
69,일반소방공사업(기계 및 전기),기타건설,표준,전문소방,전문소방,,,16,,
70,"금속,창호,지붕,건축물조립공사",전문건설,표준,금속창호지붕,금속창호지붕,,,16,,
71,금속.창호.지붕.건축물조립공사,전문건설,표준,금속창호지붕,금속창호지붕,,,16,,
72,금속·창호·지붕·건축물조립공사,전문건설,표준,금속창호지붕,금속창호지붕,,,16,,
73,금속구조물·지붕건축물조립공사업,전문건설,표준,금속창호지붕,금속창호지붕,,,16,,
74,"금속창호,지붕,건축물 조립공사",전문건설,표준,금속창호지붕,금속창호지붕,,,16,,
75,"금속창호,지붕건축물 조립공사업",전문건설,표준,금속창호지붕,금속창호지붕,,,16,,
76,"금속창호,지붕건축물,조립공사업",전문건설,표준,금속창호지붕,금속창호지붕,,,16,,
77,금속창호.지붕.건축물 조립공사,전문건설,표준,금속창호지붕,금속창호지붕,,,16,,
78,금속창호․지붕건축물 조립공사업,전문건설,표준,금속창호지붕,금속창호지붕,,,16,,
79,금속창호.지붕건축물 조립공사업,전문건설,표준,금속창호지붕,금속창호지붕,,,16,,
80,금속창호·지붕·건축물 조립공사,전문건설,표준,금속창호지붕,금속창호지붕,,,16,,
81,금속창호·지붕·건축물조립공사업,전문건설,표준,금속창호지붕,금속창호지붕,,,16,,
82,금속창호·지붕건축물 조립공사업,전문건설,표준,금속창호지붕,금속창호지붕,,,16,,
83,금속창호·지붕건축물·조립공사업,전문건설,표준,금속창호지붕,금속창호지붕,,,16,,
84,금속창호‧지붕건축물 조립공사업,전문건설,표준,금속창호지붕,금속창호지붕,,,16,,
85,금속창호ㆍ지붕건축물 조립공사업,전문건설,표준,금속창호지붕,금속창호지붕,,,16,,
86,금속창호ㆍ지붕ㆍ건축물 조립공사,전문건설,표준,금속창호지붕,금속창호지붕,,,16,,
87,금속ㆍ창호ㆍ지붕ㆍ건축물조립공사,전문건설,표준,금속창호지붕,금속창호지붕,,,16,,
88,금속ㆍ창호ㆍ지붕ㆍ건출물조립공사,전문건설,표준,금속창호지붕,금속창호지붕,,,16,,
89,금속창호⦁지붕건축물 조립공사업,전문건설,표준,금속창호지붕,금속창호지붕,,,16,,
90,금속·창호·지붕건축물조립공사업,전문건설,표준,금속창호지붕,금속창호지붕,,,16,,
91,금속창호 지붕건축물 조립공사업,전문건설,표준,금속창호지붕,금속창호지붕,,,16,,
92,금속창호ㆍ지붕 건축물 조립공사,전문건설,표준,금속창호지붕,금속창호지붕,,,16,,
93,금속창호· 지붕건출물조립공사업,전문건설,표준,금속창호지붕,금속창호지붕,,,16,,
94,금속⁃창호⁃지붕건축물조립공사업,전문건설,표준,금속창호지붕,금속창호지붕,,,16,,
95,금속창호∙지붕∙건축물조립공사업,전문건설,표준,금속창호지붕,금속창호지붕,,,16,,
96,금속창호ㆍ지붕ㆍ건축물조립공사업,전문건설,표준,금속창호지붕,금속창호지붕,,,16,,
97,금속창호・지붕건축물 조립공사업,전문건설,표준,금속창호지붕,금속창호지붕,,,16,,
98,금속창호․지붕․건축물조립공사업,전문건설,표준,금속창호지붕,금속창호지붕,,,16,,
99,금속․창호․지붕 건축물조립공사,전문건설,표준,금속창호지붕,금속창호지붕,,,16,,
100,금속창호·지붕 건축물조립공사업,전문건설,표준,금속창호지붕,금속창호지붕,,,16,,
101,전문국가유산수리업(단청공사업),기타건설,확장,전문국가유산수리_보수단청,전문국가유산수리_보수단청,,,16,,
102,전문국가유산수리업(미장공사업),기타건설,확장,전문국가유산수리_미장,전문국가유산수리_미장,,,16,,
103,전문국가유산수리업(번와공사업),기타건설,확장,전문국가유산수리_번와,전문국가유산수리_번와,,,16,,
104,전문국가유산수리업(식물보호업),기타건설,확장,전문국가유산수리_식물보호,전문국가유산수리_식물보호,,,16,,
105,종합국가유산수리업(보수단청업),기타건설,확장,종합국가유산수리_보수단청,종합국가유산수리_보수단청,,,16,,
106,산림사업법인숲길조성(․관리),기타건설,확장,산림사업_숲길조성관리,산림사업_숲길조성관리,,,15,,
107,산림사업법인(숲길조성·관리),기타건설,확장,산림사업_숲길조성관리,산림사업_숲길조성관리,,,15,,
108,"금속창호,지붕건축물 조립공사",전문건설,표준,금속창호지붕,금속창호지붕,,,15,,
109,"금속창호,지붕건축물조립공사업",전문건설,표준,금속창호지붕,금속창호지붕,,,15,,
110,금속창호·지붕건축물 조립공사,전문건설,표준,금속창호지붕,금속창호지붕,,,15,,
111,금속창호·지붕건축물조립공사업,전문건설,표준,금속창호지붕,금속창호지붕,,,15,,
112,금속창호ㆍ지붕건축물 조립공사,전문건설,표준,금속창호지붕,금속창호지붕,,,15,,
113,금속창호ㆍ지붕건축물조립공사업,전문건설,표준,금속창호지붕,금속창호지붕,,,15,,
114,금속창호․지붕건축물조립공사업,전문건설,표준,금속창호지붕,금속창호지붕,,,15,,
115,금속창호지붕건축물 조립공사업,전문건설,표준,금속창호지붕,금속창호지붕,,,15,,
116,금속･창호･지붕･건축물공사업,전문건설,표준,금속창호지붕,금속창호지붕,,,15,,
117,금속창호지붕건축물조립 공사업,전문건설,표준,금속창호지붕,금속창호지붕,,,15,,
118,금속창호・지붕건축물조립공사업,전문건설,표준,금속창호지붕,금속창호지붕,,,15,,
119,금속구조물·창호·온실 공사업,전문건설,표준,금속창호지붕,금속구조물,,,15,,
120,전문국가유산수리업(단청공사),기타건설,확장,전문국가유산수리_보수단청,전문국가유산수리_보수단청,,,15,,
121,전문문화재수리업(단청공사업),기타건설,확장,전문국가유산수리_보수단청,전문국가유산수리_보수단청,,,15,,
122,전문문화재수리업(번와공사업),기타건설,확장,전문국가유산수리_번와,전문국가유산수리_번와,,,15,,
123,전문문화재수리업(식물보호업),기타건설,확장,전문국가유산수리_식물보호,전문국가유산수리_식물보호,,,15,,
124,종합문화재수리업(보수단청업),기타건설,확장,종합국가유산수리_보수단청,종합국가유산수리_보수단청,,,15,,
125,지붕판금․건축물 조립 공사업,전문건설,표준,금속창호지붕,지붕판금,,,15,,
126,전문국가유산수리업(목공사업),기타건설,확장,전문국가유산수리_목공,전문국가유산수리_목공,,,15,,
127,전문국가유산수리업(석공사업),기타건설,확장,전문국가유산수리_석공,전문국가유산수리_석공,,,15,,
128,전문문화재수리업(보존과학업),기타건설,확장,전문국가유산수리_보존과학,전문국가유산수리_보존과학,,,15,,
129,산림조합법에 따른 산림조합,기타건설,확장,산림사업,산림사업,,,14,,
130,금속·창호·지붕건축물조립업,전문건설,표준,금속창호지붕,금속창호지붕,,,14,,
131,"금속창호,지붕건축물조립공사",전문건설,표준,금속창호지붕,금속창호지붕,,,14,,
132,금속창호·지붕건축물조립공사,전문건설,표준,금속창호지붕,금속창호지붕,,,14,,
133,금속창호ㆍ지붕건축물조립공사,전문건설,표준,금속창호지붕,금속창호지붕,,,14,,
134,금속창호·지붕건축조립공사업,전문건설,표준,금속창호지붕,금속창호지붕,,,14,,
135,금속창호지붕건축물조립공사업,전문건설,표준,금속창호지붕,금속창호지붕,,,14,,
136,금속ㆍ창호ㆍ건축물조립공사업,전문건설,표준,금속창호지붕,금속창호지붕,,,14,,
137,금속구조물· 창호·온실공사,전문건설,표준,금속창호지붕,금속창호지붕,,,14,,
138,산림사업법인(도시림등조성),기타건설,확장,산림사업_도시숲등조성,산림사업_도시숲등조성,,,14,,
139,금속 구조물·창호·온실공사,전문건설,표준,금속창호지붕,금속구조물,,,14,,
140,"금속구조물,창호,온실공사업",전문건설,표준,금속창호지붕,금속구조물,,,14,,
141,금속구조물.창호.온실공사업,전문건설,표준,금속창호지붕,금속구조물,,,14,,
142,금속구조물·창호·온실공사업,전문건설,표준,금속창호지붕,금속구조물,,,14,,
143,금속구조물ㆍ창호ㆍ온실공사업,전문건설,표준,금속창호지붕,금속구조물,,,14,,
144,금속·구조물·창호·온실공사,전문건설,표준,금속창호지붕,금속구조물,,,14,,
145,전문문화재수리업(단청공사),기타건설,확장,전문국가유산수리_보수단청,전문국가유산수리_보수단청,,,14,,
146,전문문화재수리업(번와공사),기타건설,확장,전문국가유산수리_번와,전문국가유산수리_번와,,,14,,
147,지붕 판금·건축물 조립공사,전문건설,표준,금속창호지붕,지붕판금,,,14,,
148,지붕·판금·건축물조립공사업,전문건설,표준,금속창호지붕,지붕판금,,,14,,
149,전문문화재수리업(목공사업),기타건설,확장,전문국가유산수리_목공,전문국가유산수리_목공,,,14,,
150,전문국가유산수리업(석공사),기타건설,확장,전문국가유산수리_석공,전문국가유산수리_석공,,,14,,
151,전문문화재수리업(석공사업),기타건설,확장,전문국가유산수리_석공,전문국가유산수리_석공,,,14,,
152,도장·습식·방수·석·공사업,전문건설,표준,도장습식방수석공,도장습식방수석공,,,14,,
153,도장공사 와 습식·방수공사,전문건설,표준,도장습식방수석공,도장습식방수석공,,,14,,
154,전문국가유산수리업(조경업),기타건설,확장,전문국가유산수리_조경,전문국가유산수리_조경,,,14,,
155,조경 식재 · 시설물공사업,전문건설,표준,조경식재시설물,조경식재시설물,,,14,,
156,조경식재 · 시설물 공사업,전문건설,표준,조경식재시설물,조경식재시설물,,,14,,
157,산림사업법인숲길조성·관리,기타건설,확장,산림사업_숲길조성관리,산림사업_숲길조성관리,,,13,,
158,일반소방시설공사업(기계),기타건설,표준,기계소방,기계소방,전문소방,,13,,
159,일반소방시설공사업(전기),기타건설,표준,전기소방,전기소방,전문소방,,13,,
160,금속구조물‧창호‧온실공사,전문건설,표준,금속창호지붕,금속창호지붕,,,13,,
161,금속창호·지붕건축물공사업,전문건설,표준,금속창호지붕,금속창호지붕,,,13,,
162,지반조성 · 포장 공사업,전문건설,표준,지반조성포장,지반조성포장,,,13,,
163,"금속구조물,창호,온실공사",전문건설,표준,금속창호지붕,금속구조물,,,13,,
164,금속구조물.창호.온실공사,전문건설,표준,금속창호지붕,금속구조물,,,13,,
165,금속구조물․창호․온실공사,전문건설,표준,금속창호지붕,금속구조물,,,13,,
166,금속구조물·창호·온실공사,전문건설,표준,금속창호지붕,금속구조물,,,13,,
167,금속구조물⦁창호⦁온실공사,전문건설,표준,금속창호지붕,금속구조물,,,13,,
168,금속구조물ㆍ창호ㆍ온실공사,전문건설,표준,금속창호지붕,금속구조물,,,13,,
169,금속구조물․창호‧온실공사,전문건설,표준,금속창호지붕,금속구조물,,,13,,
170,금속구조물・창호・온실공사,전문건설,표준,금속창호지붕,금속구조물,,,13,,
171,금속구조물⁃창호⁃온실공사,전문건설,표준,금속창호지붕,금속구조물,,,13,,
172,금속구조물‧창호·온실공사,전문건설,표준,금속창호지붕,금속구조물,,,13,,
173,"지붕판금, 건축물조립공사",전문건설,표준,금속창호지붕,지붕판금,,,13,,
174,지붕판금․건축물 조립공사,전문건설,표준,금속창호지붕,지붕판금,,,13,,
175,지붕판금.건축물조립공사업,전문건설,표준,금속창호지붕,지붕판금,,,13,,
176,지붕판금·건축물 조립공사,전문건설,표준,금속창호지붕,지붕판금,,,13,,
177,지붕판금·건축물조립공사업,전문건설,표준,금속창호지붕,지붕판금,,,13,,
178,지붕판금ㆍ건축물조립공사업,전문건설,표준,금속창호지붕,지붕판금,,,13,,
179,지붕판금 ·건축물조립공사,전문건설,표준,금속창호지붕,지붕판금,,,13,,
180,지붕판금․건축물조립공사업,전문건설,표준,금속창호지붕,지붕판금,,,13,,
181,지붕판금.건축물조립실공사,전문건설,표준,금속창호지붕,지붕판금,,,13,,
182,지붕판금‧건축물조립공사업,전문건설,표준,금속창호지붕,지붕판금,,,13,,
183,전문문화재수리업(목공사),기타건설,확장,전문국가유산수리_목공,전문국가유산수리_목공,,,13,,
184,전문문화재수리업(석공사),기타건설,확장,전문국가유산수리_석공,전문국가유산수리_석공,,,13,,
185,"도장,습식,방수,석공사업",전문건설,표준,도장습식방수석공,도장습식방수석공,,,13,,
186,도장.습식.방수.석공사업,전문건설,표준,도장습식방수석공,도장습식방수석공,,,13,,
187,도장·습식·방수·석공사업,전문건설,표준,도장습식방수석공,도장습식방수석공,,,13,,
188,도장ㆍ습식ㆍ방수ㆍ석공사업,전문건설,표준,도장습식방수석공,도장습식방수석공,,,13,,
189,도장·습식·석공·방수사업,전문건설,표준,도장습식방수석공,도장습식방수석공,,,13,,
190,도장‧습식‧방수‧석공사업,전문건설,표준,도장습식방수석공,도장습식방수석공,,,13,,
191,전문문화재수리업(조경업),기타건설,확장,전문국가유산수리_조경,전문국가유산수리_조경,,,13,,
192,조경식재 ‧ 시설물공사업,전문건설,표준,조경식재시설물,조경식재시설물,,,13,,
193,조경식재 ․ 시설물공사업,전문건설,표준,조경식재시설물,조경식재시설물,,,13,,
194,조경식재 · 시설물공사업,전문건설,표준,조경식재시설물,조경식재시설물,,,13,,
195,조경식재·시설물설치공사업,전문건설,표준,조경식재시설물,조경식재시설물,,,13,,
196,조경식재·조경시설물공사업,전문건설,표준,조경식재시설물,조경식재시설물,,,13,,
197,조경식재･시설물설치공사업,전문건설,표준,조경식재시설물,조경식재시설물,,,13,,
198,보링·그라우팅공사업·파일,전문건설,표준,지반조성포장,보링그라우팅,,,13,,
199,철근 · 콘크리트 공사업,전문건설,표준,철콘,철콘,,,13,,
200,산림사업법인숲길조성관리,기타건설,확장,산림사업_숲길조성관리,산림사업_숲길조성관리,,,12,,
201,일반소방시설공사(기계),기타건설,표준,기계소방,기계소방,전문소방,,12,,
202,일반소방시설공사(전기),기타건설,표준,전기소방,전기소방,전문소방,,12,,
203,숲가꾸기 및 병해충방제,기타건설,확장,산림사업_숲가꾸기및병해충방제,산림사업_숲가꾸기및병해충방제,,,12,,
204,금속구조물창호온실공사업,전문건설,표준,금속창호지붕,금속창호지붕,,,12,,
205,금속창호·지붕건축물조립,전문건설,표준,금속창호지붕,금속창호지붕,,,12,,
206,금속·창호·지붕·건축물,전문건설,표준,금속창호지붕,금속창호지붕,,,12,,
207,지붕판금 건축물조립공사,전문건설,표준,금속창호지붕,지붕판금,,,12,,
208,"지붕판금,건축물조립공사",전문건설,표준,금속창호지붕,지붕판금,,,12,,
209,지붕판금.건축물조립공사,전문건설,표준,금속창호지붕,지붕판금,,,12,,
210,지붕판금·건축물조립공사,전문건설,표준,금속창호지붕,지붕판금,,,12,,
211,지붕판금‧건축물조립공사,전문건설,표준,금속창호지붕,지붕판금,,,12,,
212,지붕판금건축물조립공사업,전문건설,표준,금속창호지붕,지붕판금,,,12,,
213,지붕판금ㆍ건축물조립공사,전문건설,표준,금속창호지붕,지붕판금,,,12,,
214,지붕판금⦁건축물조립공사,전문건설,표준,금속창호지붕,지붕판금,,,12,,
215,지붕판금․건축물조립공사,전문건설,표준,금속창호지붕,지붕판금,,,12,,
216,"도장,습식,방수,석공사",전문건설,표준,도장습식방수석공,도장습식방수석공,,,12,,
217,도장.습식.방수.석공사,전문건설,표준,도장습식방수석공,도장습식방수석공,,,12,,
218,도장·습식·방수·석공사,전문건설,표준,도장습식방수석공,도장습식방수석공,,,12,,
219,도장ㆍ습식ㆍ방수ㆍ석공사,전문건설,표준,도장습식방수석공,도장습식방수석공,,,12,,
220,도장·습식·방수·석공업,전문건설,표준,도장습식방수석공,도장습식방수석공,,,12,,
221,"조경식재, 시설물공사업",전문건설,표준,조경식재시설물,조경식재시설물,,,12,,
222,조경 식재․시설물공사업,전문건설,표준,조경식재시설물,조경식재시설물,,,12,,
223,조경식재· 시설물공사업,전문건설,표준,조경식재시설물,조경식재시설물,,,12,,
224,조경 식재‧시설물공사업,전문건설,표준,조경식재시설물,조경식재시설물,,,12,,
225,조경식재·시설물 공사업,전문건설,표준,조경식재시설물,조경식재시설물,,,12,,
226,조경식재‧시설물 공사업,전문건설,표준,조경식재시설물,조경식재시설물,,,12,,
227,보링·그라우팅공사·파일,전문건설,표준,지반조성포장,보링그라우팅,,,12,,
228,보링·그라우팅·파일공사,전문건설,표준,지반조성포장,보링그라우팅,,,12,,
229,철근․ 콘크리트 공사업,전문건설,표준,철콘,철콘,,,12,,
230,가스시설시공업(제1종),전문건설,표준,기계가스설비,가스1종,,가스난방,12,,
231,구조물해체ㆍ비계 공사업,전문건설,표준,비계구조,비계구조,,,12,,
232,비계ㆍ구조물 해체공사업,전문건설,표준,비계구조,비계구조,,,12,,
233,구조물 해체·비계공사업,전문건설,표준,비계구조,비계구조,,,12,,
234,구조물 해체․비계공사업,전문건설,표준,비계구조,비계구조,,,12,,
235,구조물 해체ㆍ비계공사업,전문건설,표준,비계구조,비계구조,,,12,,
236,구조 물해체․비계공사업,전문건설,표준,비계구조,비계구조,,,12,,
237,구조물 해체・비계공사업,전문건설,표준,비계구조,비계구조,,,12,,
238,산림사업법인(산림토목),기타건설,확장,산림사업_토목,산림사업_토목,,,12,,
239,전기공사업(무정전시공),기타건설,표준,전기,전기,,,12,,
240,기계설비·가스설비공사업,전문건설,표준,기계가스설비,기계가스설비,,가스난방,12,,
241,기계설비 ․ 가스공사업,전문건설,표준,기계가스설비,기계가스설비,,가스난방,12,,
242,기계설비 · 가스공사업,전문건설,표준,기계가스설비,기계가스설비,,가스난방,12,,
890,상ㆍ하수도 설비 공사업,전문건설,표준,상하수도,상하수도,,,12,,
243,지반조성·포장 공사업,전문건설,표준,지반조성포장,지반조성포장,,,11,,
244,지반 조성‧포장공사업,전문건설,표준,지반조성포장,지반조성포장,,,11,,
245,"금속구조물,창호,온실",전문건설,표준,금속창호지붕,금속구조물,,,11,,
246,"금속구조물,창호공사업",전문건설,표준,금속창호지붕,금속구조물,,,11,,
247,금속구조물.창호.온실,전문건설,표준,금속창호지붕,금속구조물,,,11,,
248,금속구조물.창호공사업,전문건설,표준,금속창호지붕,금속구조물,,,11,,
249,금속구조물·창호·온실,전문건설,표준,금속창호지붕,금속구조물,,,11,,
250,금속구조물·창호공사업,전문건설,표준,금속창호지붕,금속구조물,,,11,,
251,금속구조물창호온실공사,전문건설,표준,금속창호지붕,금속구조물,,,11,,
252,금속구조물ㆍ창호공사업,전문건설,표준,금속창호지붕,금속구조물,,,11,,
253,금속구조물ㆍ창호ㆍ온실,전문건설,표준,금속창호지붕,금속구조물,,,11,,
254,지붕판금건축물조립공사,전문건설,표준,금속창호지붕,지붕판금,,,11,,
255,미장.방수.조적공사업,전문건설,표준,도장습식방수석공,도장습식방수석공,,,11,,
256,도장습식방수석 공사업,전문건설,표준,도장습식방수석공,도장습식방수석공,,,11,,
257,미장·방수·조적공사업,전문건설,표준,도장습식방수석공,도장습식방수석공,,,11,,
258,"조경식재,시설물공사업",전문건설,표준,조경식재시설물,조경식재시설물,,,11,,
259,조경식재.시설물공사업,전문건설,표준,조경식재시설물,조경식재시설물,,,11,,
260,조경식재․시설물공사업,전문건설,표준,조경식재시설물,조경식재시설물,,,11,,
261,조경식재∙시설물공사업,전문건설,표준,조경식재시설물,조경식재시설물,,,11,,
262,조경식재·시설물공사업,전문건설,표준,조경식재시설물,조경식재시설물,,,11,,
263,조경식재・시설물공사업,전문건설,표준,조경식재시설물,조경식재시설물,,,11,,
264,조경식재⦁시설물공사업,전문건설,표준,조경식재시설물,조경식재시설물,,,11,,
265,조경식재‧시설물공사업,전문건설,표준,조경식재시설물,조경식재시설물,,,11,,
266,조경식재ㆍ시설물공사업,전문건설,표준,조경식재시설물,조경식재시설물,,,11,,
267,조경식재･시설물공사업,전문건설,표준,조경식재시설물,조경식재시설물,,,11,,
268,조경식재⸱시설물공사업,전문건설,표준,조경식재시설물,조경식재시설물,,,11,,
269,조경식재•시설물공사업,전문건설,표준,조경식재시설물,조경식재시설물,,,11,,
270,조경·식재시설물공사업,전문건설,표준,조경식재시설물,조경식재시설물,,,11,,
271,조경시설물설 치공사업,전문건설,표준,조경식재시설물,조경식재시설물,,,11,,
272,철근·콘크리트 공사업,전문건설,표준,철콘,철콘,,,11,,
273,철근·콘트리트 공사업,전문건설,표준,철콘,철콘,,,11,,
274,철근・콘크리트 공사업,전문건설,표준,철콘,철콘,,,11,,
275,철근ㆍ콘크리트 공사업,전문건설,표준,철콘,철콘,,,11,,
276,철근‧콘트리트 공사업,전문건설,표준,철콘,철콘,,,11,,
277,철근 콘크리트 공사업,전문건설,표준,철콘,철콘,,,11,,
278,"철근,콘크리트 공사업",전문건설,표준,철콘,철콘,,,11,,
279,철근․콘크리트 공사업,전문건설,표준,철콘,철콘,,,11,,
280,철근․콘크리 트공사업,전문건설,표준,철콘,철콘,,,11,,
281,철근‧콘크리트 공사업,전문건설,표준,철콘,철콘,,,11,,
282,가스시설공사(제1종),전문건설,표준,기계가스설비,가스1종,,가스난방,11,,
283,가스시설공사업(1종),전문건설,표준,기계가스설비,가스1종,,가스난방,11,,
284,가스시설시공업_제1종,전문건설,표준,기계가스설비,가스1종,,가스난방,11,,
285,가스시설시공업-제1종,전문건설,표준,기계가스설비,가스1종,,가스난방,11,,
286,"구조물해체,비계공사업",전문건설,표준,비계구조,비계구조,,,11,,
287,구조물해체·비계공사업,전문건설,표준,비계구조,비계구조,,,11,,
288,구조물해체ㆍ비계공사업,전문건설,표준,비계구조,비계구조,,,11,,
289,"비계,구조물해체공사업",전문건설,표준,비계구조,비계구조,,,11,,
290,비계.구조물해체공사업,전문건설,표준,비계구조,비계구조,,,11,,
291,비계·구조물해체공사업,전문건설,표준,비계구조,비계구조,,,11,,
292,비계ㆍ구조물해체공사업,전문건설,표준,비계구조,비계구조,,,11,,
293,비계․구조물해체공사업,전문건설,표준,비계구조,비계구조,,,11,,
294,전기공사(무정전시공),기타건설,표준,전기,전기,,,11,,
295,기계⦁가스설비 공사업,전문건설,표준,기계가스설비,기계가스설비,,가스난방,11,,
296,"기계설비, 가스공사업",전문건설,표준,기계가스설비,기계가스설비,,가스난방,11,,
297,기계설비 ·가스공사업,전문건설,표준,기계가스설비,기계가스설비,,가스난방,11,,
298,가스시설시공업-제2종,전문건설,표준,가스난방,가스2종,,기계가스설비,11,,
299,가스시설시공업-제3종,전문건설,표준,가스난방,가스3종,,기계가스설비,11,,
300,상 ·하수도설비공사업,전문건설,표준,상하수도,상하수도,,,11,,
301,상․ 하수도설비공사업,전문건설,표준,상하수도,상하수도,,,11,,
302,상·하수도 설비공사업,전문건설,표준,상하수도,상하수도,,,11,,
303,상ㆍ하수도 설비공사업,전문건설,표준,상하수도,상하수도,,,11,,
304,상‧하수도 설비공사업,전문건설,표준,상하수도,상하수도,,,11,,
305,상․하수도설비 공사업,전문건설,표준,상하수도,상하수도,,,11,,
306,상‧하수 도설비공사업,전문건설,표준,상하수도,상하수도,,,11,,
307,상ㆍ하수도설비 공사업,전문건설,표준,상하수도,상하수도,,,11,,
308,상·하수도설비 공사업,전문건설,표준,상하수도,상하수도,,,11,,
309,상․하수도 설비공사업,전문건설,표준,상하수도,상하수도,,,11,,
310,상‧하수도설비 공사업,전문건설,표준,상하수도,상하수도,,,11,,
311,산업·환경설비 공사업,일반건설,표준,산업환경설비,산업환경설비,,,11,"기계가스설비,상하수도,수중준설,가스난방",
312,지붕판금건물외벽공사업,전문건설,표준,지붕판금,지붕판금,,,11,,
313,산림사업법인숲길조성,기타건설,확장,산림사업_숲길조성관리,산림사업_숲길조성관리,,,10,,
314,전문 소방시설공사업,기타건설,표준,전문소방,전문소방,,,10,,
315,"지반조성,포장공사업",전문건설,표준,지반조성포장,지반조성포장,,,10,,
316,지반조성.포장공사업,전문건설,표준,지반조성포장,지반조성포장,,,10,,
317,지반조성·포장공사업,전문건설,표준,지반조성포장,지반조성포장,,,10,,
318,지반조성ㆍ포장공사업,전문건설,표준,지반조성포장,지반조성포장,,,10,,
319,지반·조성포장공사업,전문건설,표준,지반조성포장,지반조성포장,,,10,,
320,지반조성포장·공사업,전문건설,표준,지반조성포장,지반조성포장,,,10,,
321,지방조성·포장공사업,전문건설,표준,지반조성포장,지반조성포장,,,10,,
322,지반조성‧포장공사업,전문건설,표준,지반조성포장,지반조성포장,,,10,,
323,산림조합(지역조합),기타건설,확장,산림조합_지역조합,산림조합_지역조합,,,10,,
324,"금속구조물,창호공사",전문건설,표준,금속창호지붕,금속구조물,,,10,,
325,금속구조물.창호공사,전문건설,표준,금속창호지붕,금속구조물,,,10,,
326,금속구조물·창호공사,전문건설,표준,금속창호지붕,금속구조물,,,10,,
327,금속구조물ㆍ창호공사,전문건설,표준,금속창호지붕,금속구조물,,,10,,
328,금속창호창호온실공사,전문건설,표준,금속창호지붕,금속구조물,,,10,,
329,금속구조물창호공사업,전문건설,표준,금속창호지붕,금속구조물,,,10,,
330,지붕건축물조립공사업,전문건설,표준,금속창호지붕,지붕판금,,,10,,
331,지붕판금·건축물조립,전문건설,표준,금속창호지붕,지붕판금,,,10,,
332,미장.방수.조적공사,전문건설,표준,도장습식방수석공,도장습식방수석공,,,10,,
333,도장ㆍ습식ㆍ방수사업,전문건설,표준,도장습식방수석공,도장습식방수석공,,,10,,
334,도장습식방수석공사업,전문건설,표준,도장습식방수석공,도장습식방수석공,,,10,,
335,"조경식재,시설물공사",전문건설,표준,조경식재시설물,조경식재시설물,,,10,,
336,조경식재.시설물공사,전문건설,표준,조경식재시설물,조경식재시설물,,,10,,
337,조경식재·시설물공사,전문건설,표준,조경식재시설물,조경식재시설물,,,10,,
338,조경식재시설물공사업,전문건설,표준,조경식재시설물,조경식재시설물,,,10,,
339,조경식재ㆍ시설물공사,전문건설,표준,조경식재시설물,조경식재시설물,,,10,,
340,조경식재‧시설공사업,전문건설,표준,조경식재시설물,조경식재시설물,,,10,,
341,"보링,그라우팅공사업",전문건설,표준,지반조성포장,보링그라우팅,,,10,,
342,보링.그라우팅공사업,전문건설,표준,지반조성포장,보링그라우팅,,,10,,
343,보링·그라우팅·파일,전문건설,표준,지반조성포장,보링그라우팅,,,10,,
344,보링·그라우팅공사업,전문건설,표준,지반조성포장,보링그라우팅,,,10,,
345,보링ㆍ그라우팅공사업,전문건설,표준,지반조성포장,보링그라우팅,,,10,,
346,보링그라우팅파일공사,전문건설,표준,지반조성포장,보링그라우팅,,,10,,
347,"철근,콘크리트공사업",전문건설,표준,철콘,철콘,,,10,,
348,철근.콘크리트공사업,전문건설,표준,철콘,철콘,,,10,,
349,철근·콘크리트 공사,전문건설,표준,철콘,철콘,,,10,,
350,철근·콘크리트공사업,전문건설,표준,철콘,철콘,,,10,,
351,철근·콘트리트공사업,전문건설,표준,철콘,철콘,,,10,,
352,철근ㆍ콘크리트공사업,전문건설,표준,철콘,철콘,,,10,,
353,철근‧콘크리트 사업,전문건설,표준,철콘,철콘,,,10,,
354,철근콘크리트 공사업,전문건설,표준,철콘,철콘,,,10,,
355,철근·콘그리트공사업,전문건설,표준,철콘,철콘,,,10,,
356,가스시설공사 제1종,전문건설,표준,기계가스설비,가스1종,,가스난방,10,,
357,가스시설공사(1종),전문건설,표준,기계가스설비,가스1종,,가스난방,10,,
358,가스시설시공업제1종,전문건설,표준,기계가스설비,가스1종,,가스난방,10,,
359,"구조물해체,비계공사",전문건설,표준,비계구조,비계구조,,,10,,
360,구조물해체·비계공사,전문건설,표준,비계구조,비계구조,,,10,,
361,구조물해체ㆍ비계공사,전문건설,표준,비계구조,비계구조,,,10,,
362,"비계,구조물해체공사",전문건설,표준,비계구조,비계구조,,,10,,
363,비계.구조물해체공사,전문건설,표준,비계구조,비계구조,,,10,,
364,비계·구조물해체공사,전문건설,표준,비계구조,비계구조,,,10,,
365,비계ㆍ구조물해체공사,전문건설,표준,비계구조,비계구조,,,10,,
366,구조물해체‧비계공사,전문건설,표준,비계구조,비계구조,,,10,,
367,구조물해체비계공사업,전문건설,표준,비계구조,비계구조,,,10,,
368,산림사업법인산림토목,기타건설,확장,산림사업_토목,산림사업_토목,,,10,,
369,기계·가스설비공사업,전문건설,표준,기계가스설비,기계가스설비,,가스난방,10,,
370,기계‧가스설비공사업,전문건설,표준,기계가스설비,기계가스설비,,가스난방,10,,
371,"기계설비,가스공사업",전문건설,표준,기계가스설비,기계가스설비,,가스난방,10,,
372,기계설비.가스공사업,전문건설,표준,기계가스설비,기계가스설비,,가스난방,10,,
373,기계설비․가스공사업,전문건설,표준,기계가스설비,기계가스설비,,가스난방,10,,
374,기계설비∙가스공사업,전문건설,표준,기계가스설비,기계가스설비,,가스난방,10,,
375,기계설비·가스공사업,전문건설,표준,기계가스설비,기계가스설비,,가스난방,10,,
376,기계설비・가스공사업,전문건설,표준,기계가스설비,기계가스설비,,가스난방,10,,
377,기계설비‧가스공사업,전문건설,표준,기계가스설비,기계가스설비,,가스난방,10,,
378,기계설비ㆍ가스공사업,전문건설,표준,기계가스설비,기계가스설비,,가스난방,10,,
379,기계ㆍ가스설비공사업,전문건설,표준,기계가스설비,기계가스설비,,가스난방,10,,
380,기계설비⋅가스공사업,전문건설,표준,기계가스설비,기계가스설비,,가스난방,10,,
381,기계·설비가스공사업,전문건설,표준,기계가스설비,기계가스설비,,가스난방,10,,
382,기계가스‧설비공사업,전문건설,표준,기계가스설비,기계가스설비,,가스난방,10,,
383,기계․가스설비공사업,전문건설,표준,기계가스설비,기계가스설비,,가스난방,10,,
384,기계가스·설비공사업,전문건설,표준,기계가스설비,기계가스설비,,가스난방,10,,
385,기계설비･가스공사업,전문건설,표준,기계가스설비,기계가스설비,,가스난방,10,,
386,가스시설시공업제2종,전문건설,표준,가스난방,가스2종,,기계가스설비,10,,
387,가스시설시공업제3종,전문건설,표준,가스난방,가스3종,,기계가스설비,10,,
388,"상,하수도설비공사업",전문건설,표준,상하수도,상하수도,,,10,,
389,상.하수도설비공사업,전문건설,표준,상하수도,상하수도,,,10,,
390,상․하수도설비공사업,전문건설,표준,상하수도,상하수도,,,10,,
391,상·하수도설비공사업,전문건설,표준,상하수도,상하수도,,,10,,
392,상·하수도설비공사업,전문건설,표준,상하수도,상하수도,,,10,,
393,상･하수도설비공사업,전문건설,표준,상하수도,상하수도,,,10,,
394,상•하수도설비공사업,전문건설,표준,상하수도,상하수도,,,10,,
395,상⦁하수도설비공사업,전문건설,표준,상하수도,상하수도,,,10,,
396,상하수도설비 공사업,전문건설,표준,상하수도,상하수도,,,10,,
397,상‧하수도설비공사업,전문건설,표준,상하수도,상하수도,,,10,,
398,상ㆍ하수도설비공사업,전문건설,표준,상하수도,상하수도,,,10,,
399,상⁃하수도설비공사업,전문건설,표준,상하수도,상하수도,,,10,,
400,상⸱하수도설비공사업,전문건설,표준,상하수도,상하수도,,,10,,
401,상‧하수도시설공사업,전문건설,표준,상하수도,상하수도,,,10,,
402,상∙하수도설비공사업,전문건설,표준,상하수도,상하수도,,,10,,
403,산업.환경설비공사업,일반건설,표준,산업환경설비,산업환경설비,,,10,"기계가스설비,상하수도,수중준설,가스난방",
404,산업․환경설비공사업,일반건설,표준,산업환경설비,산업환경설비,,,10,"기계가스설비,상하수도,수중준설,가스난방",
405,산업·환경설비공사업,일반건설,표준,산업환경설비,산업환경설비,,,10,"기계가스설비,상하수도,수중준설,가스난방",
406,산업･환경설비공사업,일반건설,표준,산업환경설비,산업환경설비,,,10,"기계가스설비,상하수도,수중준설,가스난방",
407,산업ㆍ환경설비공사업,일반건설,표준,산업환경설비,산업환경설비,,,10,"기계가스설비,상하수도,수중준설,가스난방",
408,습식·방수·석공사업,전문건설,표준,도장습식방수석공,습식방수,,,10,,
409,조경시설물 설치공사,전문건설,표준,조경식재시설물,조경시설물,,,10,,
410,조경시설물설치공사업,전문건설,표준,조경식재시설물,조경시설물,,,10,,
411,산림조합(전문조합),기타건설,확장,산림조합_전문조합,산림조합_전문조합,,,10,,
412,승강기․삭도 공사업,전문건설,표준,승강기삭도,승강기삭도,,,10,,
413,승강기유지보수서비스,전문건설,표준,승강기유지관리,승강기유지관리,,,10,,
414,기계소방시설공사업,기타건설,표준,기계소방,기계소방,전문소방,,9,,
415,일반소방시설공사업,기타건설,표준,전기소방,전기소방,전문소방,,9,,
416,전기소방시설공사업,기타건설,표준,전기소방,전기소방,전문소방,,9,,
417,전문소방시설공사업,기타건설,표준,전문소방,전문소방,,,9,,
418,금속창호지붕공사업,전문건설,표준,금속창호지붕,금속창호지붕,,,9,,
419,"지반조성,포장공사",전문건설,표준,지반조성포장,지반조성포장,,,9,,
420,지반조성.포장공사,전문건설,표준,지반조성포장,지반조성포장,,,9,,
421,지반조성·포장공사,전문건설,표준,지반조성포장,지반조성포장,,,9,,
422,지반조성ㆍ포장공사,전문건설,표준,지반조성포장,지반조성포장,,,9,,
423,지반조성포장공사업,전문건설,표준,지반조성포장,지반조성포장,,,9,,
424,전문국가유산수리업,기타건설,확장,전문국가유산수리_보수단청,전문국가유산수리_보수단청,,,9,,
425,문화재(보수단청),기타건설,확장,종합국가유산수리_보수단청,종합국가유산수리_보수단청,,,9,,
426,종합국가유산수리업,기타건설,확장,종합국가유산수리_보수단청,종합국가유산수리_보수단청,,,9,,
427,지붕건축물조립공사,전문건설,표준,금속창호지붕,지붕판금,,,9,,
428,지붕판금건축물조립,전문건설,표준,금속창호지붕,지붕판금,,,9,,
429,도장습식방수석공사,전문건설,표준,도장습식방수석공,도장습식방수석공,,,9,,
430,"보링,그라우팅공사",전문건설,표준,지반조성포장,보링그라우팅,,,9,,
431,보링.그라우팅공사,전문건설,표준,지반조성포장,보링그라우팅,,,9,,
432,보링·그라우팅공사,전문건설,표준,지반조성포장,보링그라우팅,,,9,,
433,보링ㆍ그라우팅공사,전문건설,표준,지반조성포장,보링그라우팅,,,9,,
434,"철근,콘크리트공사",전문건설,표준,철콘,철콘,,,9,,
435,철근.콘크리트공사,전문건설,표준,철콘,철콘,,,9,,
436,철근·콘크리트공사,전문건설,표준,철콘,철콘,,,9,,
437,철근콘크리트공사업,전문건설,표준,철콘,철콘,,,9,,
438,철근ㆍ콘크리트공사,전문건설,표준,철콘,철콘,,,9,,
439,철근콘트리트공사업,전문건설,표준,철콘,철콘,,,9,,
440,가스시설공사 1종,전문건설,표준,기계가스설비,가스1종,,가스난방,9,,
441,비계구조물해체공사,전문건설,표준,비계구조,비계구조,,,9,,
442,기계가스설비공사업,전문건설,표준,기계가스설비,기계가스설비,,가스난방,9,,
443,"기계설비,가스공사",전문건설,표준,기계가스설비,기계가스설비,,가스난방,9,,
444,기계설비.가스공사,전문건설,표준,기계가스설비,기계가스설비,,가스난방,9,,
445,기계설비·가스공사,전문건설,표준,기계가스설비,기계가스설비,,가스난방,9,,
446,기계설비·가스공사,전문건설,표준,기계가스설비,기계가스설비,,가스난방,9,,
447,기계설비가스공사업,전문건설,표준,기계가스설비,기계가스설비,,가스난방,9,,
448,기계설비ㆍ가스공사,전문건설,표준,기계가스설비,기계가스설비,,가스난방,9,,
449,가스시설공사 2종,전문건설,표준,가스난방,가스2종,,기계가스설비,9,,
450,가스시설공사 3종,전문건설,표준,가스난방,가스3종,,기계가스설비,9,,
451,"상,하수도설비공사",전문건설,표준,상하수도,상하수도,,,9,,
452,상.하수도설비공사,전문건설,표준,상하수도,상하수도,,,9,,
453,상·하수도설비공사,전문건설,표준,상하수도,상하수도,,,9,,
454,상하수도설비공사업,전문건설,표준,상하수도,상하수도,,,9,,
455,상ㆍ하수도설비공사,전문건설,표준,상하수도,상하수도,,,9,,
456,상하수도설비 공사,전문건설,표준,상하수도,상하수도,,,9,,
457,상․하수도설비공사,전문건설,표준,상하수도,상하수도,,,9,,
458,상‧하수도설비공사,전문건설,표준,상하수도,상하수도,,,9,,
459,산업.환경설비공사,일반건설,표준,산업환경설비,산업환경설비,,,9,"기계가스설비,상하수도,수중준설,가스난방",
460,산업·환경설비공사,일반건설,표준,산업환경설비,산업환경설비,,,9,"기계가스설비,상하수도,수중준설,가스난방",
461,산업환경설비공사업,일반건설,표준,산업환경설비,산업환경설비,,,9,"기계가스설비,상하수도,수중준설,가스난방",
462,"습식,방수 공사업",전문건설,표준,도장습식방수석공,습식방수,,,9,,
463,습식.방수 공사업,전문건설,표준,도장습식방수석공,습식방수,,,9,,
464,습식·방수 공사업,전문건설,표준,도장습식방수석공,습식방수,,,9,,
465,습식ㆍ방수 공사업,전문건설,표준,도장습식방수석공,습식방수,,,9,,
466,조경시설물설치공사,전문건설,표준,조경식재시설물,조경시설물,,,9,,
467,조경시설설치공사업,전문건설,표준,조경식재시설물,조경시설물,,,9,,
468,"승강기,삭도공사업",전문건설,표준,승강기삭도,승강기삭도,,,9,,
469,승강기.삭도공사업,전문건설,표준,승강기삭도,승강기삭도,,,9,,
470,승강기·삭도공사업,전문건설,표준,승강기삭도,승강기삭도,,,9,,
471,승강기ㆍ삭도공사업,전문건설,표준,승강기삭도,승강기삭도,,,9,,
472,승강기 유지관리업,전문건설,표준,승강기삭도,승강기삭도,,,9,,
473,승강기 설치공사업,전문건설,표준,승강기삭도,승강기삭도,,,9,,
474,승강기 유지보수업,전문건설,표준,승강기유지관리,승강기유지관리,,,9,,
475,난방시공업-제1종,전문건설,표준,가스난방,난방1종,,기계가스설비,9,,
476,난방공사(제1종),전문건설,표준,가스난방,난방1종,,기계가스설비,9,,
477,난방시공업-제2종,전문건설,표준,가스난방,난방2종,,기계가스설비,9,,
478,난방시공업-제3종,전문건설,표준,가스난방,난방3종,,기계가스설비,9,,
479,난방공사(제3종),전문건설,표준,가스난방,난방3종,,기계가스설비,9,,
480,기계설비성능점검업,전문건설,표준,기계설비성능점검,기계설비성능점검,,,9,,
481,석면해 체․제거업,기타건설,확장,석면해체,석면해체,,,9,,
482,석면해체· 제거업,기타건설,확장,석면해체,석면해체,,,9,,
483,보링그라우팅공사업,전문건설,표준,보링그라우팅,보링그라우팅,,,9,,
484,일반소방시설공사,기타건설,표준,전기소방,전기소방,전문소방,,8,,
485,전문소방시설공사,기타건설,표준,전문소방,전문소방,,,8,,
486,소방시설공사업법,기타건설,표준,전문소방,전문소방,,,8,,
487,"조성,포장공사업",전문건설,표준,지반조성포장,지반조성포장,,,8,,
488,지반·포장공사업,전문건설,표준,지반조성포장,지반조성포장,,,8,,
489,건축물조립공사업,전문건설,표준,금속창호지붕,지붕판금,,,8,,
490,도장습식방수석공,전문건설,표준,도장습식방수석공,도장습식방수석공,,,8,,
491,철근·콘크리트공,전문건설,표준,철콘,철콘,,,8,,
492,철근·콘크리트업,전문건설,표준,철콘,철콘,,,8,,
493,철근콘크리트공사,전문건설,표준,철콘,철콘,,,8,,
494,비계구조물공사업,전문건설,표준,비계구조,비계구조,,,8,,
495,기계가스설비공사,전문건설,표준,기계가스설비,기계가스설비,,가스난방,8,,
496,상하수도설비공사,전문건설,표준,상하수도,상하수도,,,8,,
497,하수도설비공사업,전문건설,표준,상하수도,상하수도,,,8,,
498,상·하수도공사업,전문건설,표준,상하수도,상하수도,,,8,,
499,상‧하수도공사업,전문건설,표준,상하수도,상하수도,,,8,,
500,상ㆍ하수도공사업,전문건설,표준,상하수도,상하수도,,,8,,
501,"습식,방수 공사",전문건설,표준,도장습식방수석공,습식방수,,,8,,
502,"습식,방수공사업",전문건설,표준,도장습식방수석공,습식방수,,,8,,
503,습식.방수 공사,전문건설,표준,도장습식방수석공,습식방수,,,8,,
504,습식·방수 공사,전문건설,표준,도장습식방수석공,습식방수,,,8,,
505,습식·방수공사업,전문건설,표준,도장습식방수석공,습식방수,,,8,,
506,습식‧방수공사업,전문건설,표준,도장습식방수석공,습식방수,,,8,,
507,습식ㆍ방수 공사,전문건설,표준,도장습식방수석공,습식방수,,,8,,
508,습식ㆍ방수공사업,전문건설,표준,도장습식방수석공,습식방수,,,8,,
509,조경시설물공사업,전문건설,표준,조경식재시설물,조경시설물,,,8,,
510,조경시설설치공사,전문건설,표준,조경식재시설물,조경시설물,,,8,,
511,"승강기,삭도공사",전문건설,표준,승강기삭도,승강기삭도,,,8,,
512,승강기.삭도공사,전문건설,표준,승강기삭도,승강기삭도,,,8,,
513,승강기·삭도공사,전문건설,표준,승강기삭도,승강기삭도,,,8,,
514,승강기ㆍ삭도공사,전문건설,표준,승강기삭도,승강기삭도,,,8,,
515,승강기유지관리업,전문건설,표준,승강기유지관리,승강기유지관리,,,8,,
516,난방시공업제1종,전문건설,표준,가스난방,난방1종,,기계가스설비,8,,
517,난방시공업제2종,전문건설,표준,가스난방,난방2종,,기계가스설비,8,,
518,난방시공업제3종,전문건설,표준,가스난방,난방3종,,기계가스설비,8,,
519,석면해제·제거업,기타건설,확장,석면해체,석면해체,,,8,,
520,"석면해체,제거업",기타건설,확장,석면해체,석면해체,,,8,,
521,석면해체.제거업,기타건설,확장,석면해체,석면해체,,,8,,
522,석면해체․제거업,기타건설,확장,석면해체,석면해체,,,8,,
523,석면해체?제거업,기타건설,확장,석면해체,석면해체,,,8,,
524,석면해체·제거업,기타건설,확장,석면해체,석면해체,,,8,,
525,석면해체ㆍ제거업,기타건설,확장,석면해체,석면해체,,,8,,
526,석면해체⦁제거업,기타건설,확장,석면해체,석면해체,,,8,,
527,석면해체・제거업,기타건설,확장,석면해체,석면해체,,,8,,
528,석면해체‧제거업,기타건설,확장,석면해체,석면해체,,,8,,
529,승강기설치공사업,전문건설,표준,승강기삭도,승강기,,,8,,
530,"가스,난방공사업",전문건설,표준,가스난방,가스난방,,기계가스설비,8,,
531,가스.난방공사업,전문건설,표준,가스난방,가스난방,,기계가스설비,8,,
532,가스·난방공사업,전문건설,표준,가스난방,가스난방,,기계가스설비,8,,
533,가스ㆍ난방공사업,전문건설,표준,가스난방,가스난방,,기계가스설비,8,,
534,산림사업(기타),기타건설,확장,산림사업_기타,산림사업_기타,,,8,,
535,"수중,준설공사업",전문건설,표준,수중준설,수중준설,,,8,,
536,수중·준설공사업,전문건설,표준,수중준설,수중준설,,,8,,
537,수중ㆍ준설공사업,전문건설,표준,수중준설,수중준설,,,8,,
538,철강구조물공사업,전문건설,표준,철강구조물,철강구조물,,,8,,
539,철강재설치공사업,전문건설,표준,철강구조물,철강구조물,,,8,,
540,"철도,궤도공사업",전문건설,표준,철도궤도,철도궤도,,,8,,
541,철도.궤도공사업,전문건설,표준,철도궤도,철도궤도,,,8,,
542,철도·궤도공사업,전문건설,표준,철도궤도,철도궤도,,,8,,
543,철도ㆍ궤도공사업,전문건설,표준,철도궤도,철도궤도,,,8,,
544,철도․궤도공사업,전문건설,표준,철도궤도,철도궤도,,,8,,
545,철도･궤도공사업,전문건설,표준,철도궤도,철도궤도,,,8,,
546,철도・궤도공사업,전문건설,표준,철도궤도,철도궤도,,,8,,
547,철도ㅅ궤도공사업,전문건설,표준,철도궤도,철도궤도,,,8,,
548,철도‧궤도공사업,전문건설,표준,철도궤도,철도궤도,,,8,,
549,실내건축 공사업,전문건설,표준,실내건축,실내건축,,,8,,
550,실내 건축공사업,전문건설,표준,실내건축,실내건축,,,8,,
551,토목·건축공사업,일반건설,표준,토건,토건,,,8,,1
552,정보통신공사업자,기타건설,표준,통신,통신,,,8,,
553,건설부문(조경),일반건설,표준,조경,조경,,,8,"조경식재시설물,지반조성포장",
554,문화재수리공사업,전문건설,표준,문화재,문화재,,,8,,
555,금속구조물공사업,전문건설,표준,금속구조물,금속구조물,,,8,,
556,소방시설공사업,기타건설,표준,전문소방,전문소방,,,7,,
557,소방설비공사업,기타건설,표준,전문소방,전문소방,,,7,,
558,전문소방공사업,기타건설,표준,전문소방,전문소방,,,7,,
559,"조성,포장공사",전문건설,표준,지반조성포장,지반조성포장,,,7,,
560,금속구조물공사,전문건설,표준,금속창호지붕,금속구조물,,,7,,
561,금속창호공사업,전문건설,표준,금속창호지붕,금속구조물,,,7,,
562,국가유산수리업,기타건설,확장,전문국가유산수리_보수단청,전문국가유산수리_보수단청,,,7,,
563,지붕·판금공사,전문건설,표준,금속창호지붕,지붕판금,,,7,,
564,문화재(조경),기타건설,확장,전문국가유산수리_조경,전문국가유산수리_조경,,,7,,
565,"보링,그라우팅",전문건설,표준,지반조성포장,보링그라우팅,,,7,,
566,보링.그라우팅,전문건설,표준,지반조성포장,보링그라우팅,,,7,,
567,보링·그라우팅,전문건설,표준,지반조성포장,보링그라우팅,,,7,,
568,보링ㆍ그라우팅,전문건설,표준,지반조성포장,보링그라우팅,,,7,,
569,철근·콘크리트,전문건설,표준,철콘,철콘,,,7,,
570,콘크리트공사업,전문건설,표준,철콘,철콘,,,7,,
571,철근‧콘크리트,전문건설,표준,철콘,철콘,,,7,,
572,비계구조공사업,전문건설,표준,비계구조,비계구조,,,7,,
573,가스설비공사업,전문건설,표준,기계가스설비,기계가스설비,,가스난방,7,,
574,기계가스공사업,전문건설,표준,기계가스설비,기계가스설비,,가스난방,7,,
575,가스시설공사업,전문건설,표준,기계가스설비,기계가스설비,,가스난방,7,,
576,하수도설비공사,전문건설,표준,상하수도,상하수도,,,7,,
577,상하수도설비업,전문건설,표준,상하수도,상하수도,,,7,,
578,상하수도공사업,전문건설,표준,상하수도,상하수도,,,7,,
579,환경설비공사업,일반건설,표준,산업환경설비,산업환경설비,,,7,"기계가스설비,상하수도,수중준설,가스난방",
580,산업설비공사업,일반건설,표준,산업환경설비,산업환경설비,,,7,"기계가스설비,상하수도,수중준설,가스난방",
581,지붕판금공사업,전문건설,표준,지붕판금,지붕판금,,,7,,
582,"습식,방수공사",전문건설,표준,도장습식방수석공,습식방수,,,7,,
583,습식․방수공사,전문건설,표준,도장습식방수석공,습식방수,,,7,,
584,습식·방수공사,전문건설,표준,도장습식방수석공,습식방수,,,7,,
585,습식⦁방수공사,전문건설,표준,도장습식방수석공,습식방수,,,7,,
586,습식ㆍ방수공사,전문건설,표준,도장습식방수석공,습식방수,,,7,,
587,습식ᐧ방수공사,전문건설,표준,도장습식방수석공,습식방수,,,7,,
588,습식‧방수공사,전문건설,표준,도장습식방수석공,습식방수,,,7,,
589,습식방수공사업,전문건설,표준,도장습식방수석공,습식방수,,,7,,
590,조경시설물공사,전문건설,표준,조경식재시설물,조경시설물,,,7,,
591,조경시설물설치,전문건설,표준,조경식재시설물,조경시설물,,,7,,
592,석면해체제거업,기타건설,확장,석면해체,석면해체,,,7,,
593,승강기설치공사,전문건설,표준,승강기삭도,승강기,,,7,,
594,"가스,난방공사",전문건설,표준,가스난방,가스난방,,기계가스설비,7,,
595,가스.난방공사,전문건설,표준,가스난방,가스난방,,기계가스설비,7,,
596,가스·난방공사,전문건설,표준,가스난방,가스난방,,기계가스설비,7,,
597,가스난방공사업,전문건설,표준,가스난방,가스난방,,기계가스설비,7,,
598,가스ㆍ난방공사,전문건설,표준,가스난방,가스난방,,기계가스설비,7,,
599,"수중,준설공사",전문건설,표준,수중준설,수중준설,,,7,,
600,수중·준설공사,전문건설,표준,수중준설,수중준설,,,7,,
601,수중ㆍ준설공사,전문건설,표준,수중준설,수중준설,,,7,,
602,철강구조물공사,전문건설,표준,철강구조물,철강구조물,,,7,,
603,철강재설치공사,전문건설,표준,철강구조물,철강구조물,,,7,,
604,"철도,궤도공사",전문건설,표준,철도궤도,철도궤도,,,7,,
605,철도.궤도공사,전문건설,표준,철도궤도,철도궤도,,,7,,
606,철도·궤도공사,전문건설,표준,철도궤도,철도궤도,,,7,,
607,철도ㆍ궤도공사,전문건설,표준,철도궤도,철도궤도,,,7,,
608,철도궤도공사업,전문건설,표준,철도궤도,철도궤도,,,7,,
609,실내건축공사업,전문건설,표준,실내건축,실내건축,,,7,,
610,토목건축공사업,일반건설,표준,토건,토건,,,7,,1
611,정보통신공사업,기타건설,표준,통신,통신,,,7,,
612,강구조물공사업,전문건설,표준,철강구조물,강구조,,,7,,
613,기계설비공사업,전문건설,표준,기계가스설비,기계설비,,가스난방,7,,
614,기계설 비공사,전문건설,표준,기계가스설비,기계설비,,가스난방,7,,
615,삭도설치공사업,전문건설,표준,승강기삭도,삭도,,,7,,
616,조경식재공사업,전문건설,표준,조경식재시설물,조경식재,,,7,,
617,조경식재시설물,전문건설,표준,조경식재시설물,조경식재,,,7,,
618,문화재(기타),기타건설,확장,전문국가유산수리_기타,전문국가유산수리_기타,,,7,,
619,산림조합중앙회,기타건설,확장,산림조합_중앙회,산림조합_중앙회,,,7,,
620,일반건축공사업,일반건설,표준,건축,건축,토건,,7,"실내건축,금속창호지붕,도장습식방수석공,비계구조,철콘,지반조성포장",
889,일반소방공사업,기타건설,표준,전문소방,전문소방,,,7,,
621,소방시설공사,기타건설,표준,전문소방,전문소방,,,6,,
622,금속창호지붕,전문건설,표준,금속창호지붕,금속창호지붕,,,6,,
623,지반조성포장,전문건설,표준,지반조성포장,지반조성포장,,,6,,
624,창호 공사업,전문건설,표준,금속창호지붕,금속구조물,,,6,,
625,철근콘크리트,전문건설,표준,철콘,철콘,,,6,,
626,콘크리트공사,전문건설,표준,철콘,철콘,,,6,,
627,기계가스설비,전문건설,표준,기계가스설비,기계가스설비,,가스난방,6,,
628,산업환경설비,일반건설,표준,산업환경설비,산업환경설비,,,6,"기계가스설비,상하수도,수중준설,가스난방",
629,습식방수공사,전문건설,표준,도장습식방수석공,습식방수,,,6,,
630,습식ㆍ방수업,전문건설,표준,도장습식방수석공,습식방수,,,6,,
631,보링그라우팅,전문건설,표준,보링그라우팅,보링그라우팅,,,6,,
632,가스난방공사,전문건설,표준,가스난방,가스난방,,기계가스설비,6,,
633,가스시설공사,전문건설,표준,가스난방,가스난방,,기계가스설비,6,,
634,실내 건축업,전문건설,표준,실내건축,실내건축,,,6,,
635,실내건축공사,전문건설,표준,실내건축,실내건축,,,6,,
636,토목건축공사,일반건설,표준,토건,토건,,,6,,1
637,정보통신공사,기타건설,표준,통신,통신,,,6,,
638,문화재공사업,전문건설,표준,문화재,문화재,,,6,,
639,강구조물공사,전문건설,표준,철강구조물,강구조,,,6,,
640,기계설비공사,전문건설,표준,기계가스설비,기계설비,,가스난방,6,,
641,삭도설치공사,전문건설,표준,승강기삭도,삭도,,,6,,
642,조경식재공사,전문건설,표준,조경식재시설물,조경식재,,,6,,
643,국가유산공사,기타건설,확장,전문국가유산수리_기타,전문국가유산수리_기타,,,6,,
644,승강기공사업,전문건설,표준,승강기,승강기,,,6,,
645,소방시설업,기타건설,표준,전문소방,전문소방,,,5,,
646,소방공사업,기타건설,표준,전문소방,전문소방,,,5,,
647,창호공사업,전문건설,표준,금속창호지붕,금속구조물,,,5,,
648,금속공사업,전문건설,표준,금속창호지붕,금속구조물,,,5,,
649,보수단청업,기타건설,확장,전문국가유산수리_보수단청,전문국가유산수리_보수단청,,,5,,
650,단청공사업,기타건설,확장,전문국가유산수리_보수단청,전문국가유산수리_보수단청,,,5,,
651,지붕공사업,전문건설,표준,금속창호지붕,지붕판금,,,5,,
652,철콘공사업,전문건설,표준,철콘,철콘,,,5,,
653,구조물해체,전문건설,표준,비계구조,비계구조,,,5,,
654,비계공사업,전문건설,표준,비계구조,비계구조,,,5,,
655,산림토목업,기타건설,확장,산림사업_토목,산림사업_토목,,,5,,
656,전기공사업,기타건설,표준,전기,전기,,,5,,
657,설비공사업,전문건설,표준,기계가스설비,기계가스설비,,가스난방,5,,
658,가스공사업,전문건설,표준,기계가스설비,기계가스설비,,가스난방,5,,
659,"습식,방수",전문건설,표준,도장습식방수석공,습식방수,,,5,,
660,습식.방수,전문건설,표준,도장습식방수석공,습식방수,,,5,,
661,습식·방수,전문건설,표준,도장습식방수석공,습식방수,,,5,,
662,습식ㆍ방수,전문건설,표준,도장습식방수석공,습식방수,,,5,,
663,습식방수업,전문건설,표준,도장습식방수석공,습식방수,,,5,,
664,습식공사업,전문건설,표준,도장습식방수석공,습식방수,,,5,,
665,방수공사업,전문건설,표준,도장습식방수석공,습식방수,,,5,,
666,조경시설물,전문건설,표준,조경식재시설물,조경시설물,,,5,,
667,승강기삭도,전문건설,표준,승강기삭도,승강기삭도,,,5,,
668,난방공사업,전문건설,표준,가스난방,가스난방,,기계가스설비,5,,
669,철강구조물,전문건설,표준,철강구조물,철강구조물,,,5,,
670,궤도공사업,전문건설,표준,철도궤도,철도궤도,,,5,,
671,실내건축업,전문건설,표준,실내건축,실내건축,,,5,,
672,종합공사업,일반건설,표준,토건,토건,,,5,,1
673,토건공사업,일반건설,표준,토건,토건,,,5,,1
674,통신공사업,기타건설,표준,통신,통신,,,5,,
675,조경공사업,일반건설,표준,조경,조경,,,5,"조경식재시설물,지반조성포장",
676,금속구조물,전문건설,표준,금속구조물,금속구조물,,,5,,
677,기계공사업,전문건설,표준,기계가스설비,기계설비,,가스난방,5,,
678,삭도공사업,전문건설,표준,승강기삭도,삭도,,,5,,
679,건축공사업,일반건설,표준,건축,건축,토건,,5,"실내건축,금속창호지붕,도장습식방수석공,비계구조,철콘,지반조성포장",
680,도장공사업,전문건설,표준,도장습식방수석공,도장,,,5,,
681,수중공사업,전문건설,표준,수중준설,수중,,,5,,
682,준설공사업,전문건설,표준,수중준설,준설,,,5,,
683,포장공사업,전문건설,표준,지반조성포장,포장,,,5,,
684,토목공사업,일반건설,표준,토목,토목,토건,,5,"지반조성포장,상하수도,철도궤도,수중준설,승강기삭도,철콘,비계구조",
685,토목건축업,일반건설,표준,토목,토목,토건,,5,"지반조성포장,상하수도,철도궤도,수중준설,승강기삭도,철콘,비계구조",
885,조경시설물,전문건설,표준,조경시설물,조경시설물,,,5,,
686,산림사업,기타건설,확장,산림사업,산림사업,,,4,,
687,기계소방,기타건설,표준,기계소방,기계소방,전문소방,,4,,
688,전기소방,기타건설,표준,전기소방,전기소방,전문소방,,4,,
689,전문소방,기타건설,표준,전문소방,전문소방,,,4,,
690,금속창호,전문건설,표준,금속창호지붕,금속창호지붕,,,4,,
691,지반조성,전문건설,표준,지반조성포장,지반조성포장,,,4,,
692,비계공사,전문건설,표준,비계구조,비계구조,,,4,,
693,비계구조,전문건설,표준,비계구조,비계구조,,,4,,
694,산림토목,기타건설,확장,산림사업_토목,산림사업_토목,,,4,,
695,전기공사,기타건설,표준,전기,전기,,,4,,
696,상하수도,전문건설,표준,상하수도,상하수도,,,4,,
697,지붕판금,전문건설,표준,지붕판금,지붕판금,,,4,,
698,석면해체,기타건설,확장,석면해체,석면해체,,,4,,
699,가스난방,전문건설,표준,가스난방,가스난방,,기계가스설비,4,,
700,수중준설,전문건설,표준,수중준설,수중준설,,,4,,
701,궤도공사,전문건설,표준,철도궤도,철도궤도,,,4,,
702,철도궤도,전문건설,표준,철도궤도,철도궤도,,,4,,
703,실내건축,전문건설,표준,실내건축,실내건축,,,4,,
704,토목건축,일반건설,표준,토건,토건,,,4,,1
705,통신공사,기타건설,표준,통신,통신,,,4,,
706,정보통신,기타건설,표준,통신,통신,,,4,,
707,조경공사,일반건설,표준,조경,조경,,,4,"조경식재시설물,지반조성포장",
708,기계공사,전문건설,표준,기계가스설비,기계설비,,가스난방,4,,
709,기계설비,전문건설,표준,기계가스설비,기계설비,,가스난방,4,,
710,삭도공사,전문건설,표준,승강기삭도,삭도,,,4,,
711,조경식재,전문건설,표준,조경식재시설물,조경식재,,,4,,
712,건축공사,일반건설,표준,건축,건축,토건,,4,"실내건축,금속창호지붕,도장습식방수석공,비계구조,철콘,지반조성포장",
713,도장공사,전문건설,표준,도장습식방수석공,도장,,,4,,
714,수중공사,전문건설,표준,수중준설,수중,,,4,,
715,준설공사,전문건설,표준,수중준설,준설,,,4,,
716,포장공사,전문건설,표준,지반조성포장,포장,,,4,,
717,토목공사,일반건설,표준,토목,토목,토건,,4,"지반조성포장,상하수도,철도궤도,수중준설,승강기삭도,철콘,비계구조",
718,석공사업,전문건설,표준,도장습식방수석공,석공,,,4,,
719,토공사업,전문건설,표준,지반조성포장,토공,,,4,,
720,습식방수,전문건설,표준,습식방수,습식방수,,,4,,
879,기계설비,전문건설,표준,기계설비,기계설비,,,4,,
882,조경식재,전문건설,표준,조경식재,조경식재,,,4,,
888,종합공사,일반건설,표준,토건,토건,,,4,,1
721,보수업,기타건설,확장,전문국가유산수리_보수단청,전문국가유산수리_보수단청,,,3,,
722,단청업,기타건설,확장,전문국가유산수리_보수단청,전문국가유산수리_보수단청,,,3,,
723,방수업,전문건설,표준,도장습식방수석공,습식방수,,,3,,
724,승강기,전문건설,표준,승강기삭도,승강기,,,3,,
725,문화재,기타건설,확장,전문국가유산수리_기타,전문국가유산수리_기타,,,3,,
726,도장업,전문건설,표준,도장습식방수석공,도장,,,3,,
727,석공사,전문건설,표준,도장습식방수석공,석공,,,3,,
728,토공사,전문건설,표준,지반조성포장,토공,,,3,,
729,소방,기타건설,표준,전문소방,전문소방,,,2,,
730,철근,전문건설,표준,철콘,철콘,,,2,,
731,철콘,전문건설,표준,철콘,철콘,,,2,,
732,전기,기타건설,표준,전기,전기,,,2,,
733,방수,전문건설,표준,도장습식방수석공,습식방수,,,2,,
734,습식,전문건설,표준,도장습식방수석공,습식방수,,,2,,
735,가스,전문건설,표준,가스난방,가스난방,,기계가스설비,2,,
736,토건,일반건설,표준,토건,토건,,,2,,1
737,통신,기타건설,표준,통신,통신,,,2,,
738,조경,일반건설,표준,조경,조경,,,2,"조경식재시설물,지반조성포장",
739,삭도,전문건설,표준,승강기삭도,삭도,,,2,,
740,조식,전문건설,표준,조경식재시설물,조경식재,,,2,,
741,건축,일반건설,표준,건축,건축,토건,,2,"실내건축,금속창호지붕,도장습식방수석공,비계구조,철콘,지반조성포장",
742,도장,전문건설,표준,도장습식방수석공,도장,,,2,,
743,수중,전문건설,표준,수중준설,수중,,,2,,
744,포장,전문건설,표준,지반조성포장,포장,,,2,,
745,토목,일반건설,표준,토목,토목,토건,,2,"지반조성포장,상하수도,철도궤도,수중준설,승강기삭도,철콘,비계구조",
746,토공,전문건설,표준,지반조성포장,토공,,,2,,
747,석공,전문건설,표준,석공,석공,,,2,,
748,준설,전문건설,표준,준설,준설,,,2,,
878,소방,기타건설,표준,소방,소방,,,2,,
880,포장,전문건설,표준,포장,포장,,,2,,
881,도장,전문건설,표준,도장,도장,,,2,,
883,가스,전문건설,표준,가스,가스,,,2,,
884,토공,전문건설,표준,토공,토공,,,2,,
886,삭도,전문건설,표준,삭도,삭도,,,2,,
887,수중,전문건설,표준,수중,수중,,,2,,
749,"개인하수처리시설제조업(구,오수처리시설제조업 또는 단독정화조제조업)",미분류,표준,개인하수처리_제조,개인하수처리_제조,,,36,,
750,신·재생에너지설비설치전문기업(석탄액화·가스화한 에너지 등),미분류,표준,신재생_석탄가스등,신재생_석탄가스등,,,32,,
751,"개인하수처리시설설계.시공업(구,오수처리시설설계.시공업)",미분류,표준,개인하수처리_설계시공,개인하수처리_설계시공,,,30,,
752,개인하수처리시설설계.시공업(구:오수처리시설설계.시공업),미분류,표준,개인하수처리_설계시공,개인하수처리_설계시공,,,30,,
753,"개인하수처리시설설계·시공업(구,오수처리시설설계·시공업)",미분류,표준,개인하수처리_설계시공,개인하수처리_설계시공,,,30,,
754,개인하수처리시설설계·시공업(구:오수처리시설설계·시공업),미분류,표준,개인하수처리_설계시공,개인하수처리_설계시공,,,30,,
755,검사 등에 관한 법률에 따른 측정대행업(수질오염물질),미분류,표준,환경전문_수질,환경전문_수질,,,29,,
756,"전문광해방지사업(먼지날림,광연및소음·진동방지사업)",미분류,표준,광해방지_먼지날림외,광해방지_먼지날림외,,,27,,
757,해외건설업(전문건설업-지붕판금·건축물조립공사업),미분류,표준,해외전문건설_금속창호지붕,지붕판금,,,26,,
758,신·재생에너지설비설치전문기업(2종이상 에너지원),미분류,표준,신재생_2종이상,신재생_2종이상,,,26,,
759,해외건설업(전문건설업-가스시설시공업-제1종),미분류,표준,해외전문건설_기계가스설비,가스1종,,,24,,
760,해외건설업(전문건설업-가스시설시공업-제2종),미분류,표준,해외전문건설_가스난방,가스2종,,,24,,
761,해외건설업(전문건설업-가스시설시공업-제3종),미분류,표준,해외전문건설_가스난방,가스2종,,,24,,
762,해외건설업(전문건설업-금속구조물·창호공사업),미분류,표준,해외전문건설_금속창호지붕,금속구조물,,,24,,
763,"개인하수처리시설관리업(구,오수처리시설관리업)",미분류,표준,개인하수처리_관리,개인하수처리_관리,,,24,,
764,개인하수처리시설관리업(구:오수처리시설관리업),미분류,표준,개인하수처리_관리,개인하수처리_관리,,,24,,
765,해외건설업(전문건설업-금속구조물.창호공사업),미분류,표준,해외전문건설_금속창호지붕,해외전문건설_금속창호지붕,,,24,,
766,해외건설업(전문건설업-비계.구조물해체공사업),미분류,표준,해외전문건설_비계구조,해외전문건설_비계구조,,,24,,
767,해외건설업(전문건설업-비계·구조물해체공사업),미분류,표준,해외전문건설_비계구조,해외전문건설_비계구조,,,24,,
768,해외건설업(전문건설업-철근·콘크리트공사업업),미분류,표준,해외전문건설_철콘,해외전문건설_철콘,,,24,,
769,해외건설업(전문건설업-가스시설시공업제1종),미분류,표준,해외전문건설_기계가스설비,가스1종,,,23,,
770,해외건설업(전문건설업-가스시설시공업제2종),미분류,표준,해외전문건설_가스난방,가스2종,,,23,,
771,해외건설업(전문건설업-보링.그라우팅공사업),미분류,표준,해외전문건설_지반조성포장,보링그라우팅,,,23,,
772,해외건설업(전문건설업-보링·그라우팅공사업),미분류,표준,해외전문건설_지반조성포장,보링그라우팅,,,23,,
773,해외건설업(전문건설업-조경시설물설치공사업),미분류,표준,해외전문건설_조경식재시설물,조경시설물,,,23,,
774,신·재생에너지설비설치전문기업(바이오에너지),미분류,표준,신재생_바이오,신재생_바이오,,,23,,
775,신·재생에너지설비설치전문기업(폐기물에너지),미분류,표준,신재생_폐기물,신재생_폐기물,,,23,,
776,전문광해방지사업(산림복구사업및토지복구사업),미분류,표준,광해방지_산림복구외,광해방지_산림복구외,,,23,,
777,해외건설업(전문건설업-상.하수도설비공사업),미분류,표준,해외전문건설_상하수도,해외전문건설_상하수도,,,23,,
778,해외건설업(전문건설업-상·하수도설비공사업),미분류,표준,해외전문건설_상하수도,해외전문건설_상하수도,,,23,,
779,신·재생에너지전문기업(2종이상 에너지원),미분류,표준,신재생_2종이상,신재생_2종이상,,,22,,
780,해외건설업(전문건설업-난방시공업-제1종),미분류,표준,해외전문건설_가스난방,난방1종,,,22,,
781,해외건설업(전문건설업-난방시공업-제2종),미분류,표준,해외전문건설_가스난방,난방2종,,,22,,
782,해외건설업(전문건설업-난방시공업-제3종),미분류,표준,해외전문건설_가스난방,난방3종,,,22,,
783,신.재생에너지설비설치전문기업(태양에너지),미분류,표준,신재생_태양,신재생_태양,,,22,,
784,신·재생에너지설비설치전문기업(수소에너지),미분류,표준,신재생_수소,신재생_수소,,,22,,
785,신·재생에너지설비설치전문기업(지열에너지),미분류,표준,신재생_지열,신재생_지열,,,22,,
786,신·재생에너지설비설치전문기업(해양에너지),미분류,표준,신재생_해양,신재생_해양,,,22,,
787,전문광해방지사업(토양개량·복원및정화사업),미분류,표준,광해방지_토양개량외,광해방지_토양개량외,,,22,,
788,해외건설업(종합건설업-산업환경설비공사업),미분류,표준,해외종합건설_산업환경설비,해외종합건설_산업환경설비,,,22,,
789,해외건설업(전문건설업-난방시공업제1종),미분류,표준,해외전문건설_가스난방,난방1종,,,21,,
790,해외건설업(전문건설업-습식·방수공사업),미분류,표준,해외전문건설_도장습식방수석공,습식방수,,,21,,
791,해외건설업(전문건설업-승강기설치공사업),미분류,표준,해외전문건설_승강기삭도,승강기,,,21,,
792,신·재생에너지설비설치전문기업(연료전지),미분류,표준,신재생_연료전기,신재생_연료전기,,,21,,
793,전문광해방지사업(광물찌꺼기유실방지사업),미분류,표준,광해방지_광물찌꺼기외,광해방지_광물찌꺼기외,,,21,,
794,전문광해방지사업(지반침하방지및복원사업),미분류,표준,광해방지_지반침하방지외,광해방지_지반침하방지외,,,21,,
795,해외건설업(전문건설업-철강재설치공사업),미분류,표준,해외전문건설_철강구조물,해외전문건설_철강구조물,,,21,,
796,해외건설업(전문건설업-철도·궤도공사업),미분류,표준,해외전문건설_철도궤도,해외전문건설_철도궤도,,,21,,
797,해외건설업(전문건설업-강구조물공사업),미분류,표준,해외전문건설_철강구조물,강구조,,,20,,
798,해외건설업(전문건설업-기계설비공사업),미분류,표준,해외전문건설_기계가스설비,기계설비,,,20,,
799,해외건설업(전문건설업-삭도설치공사업),미분류,표준,해외전문건설_승강기삭도,삭도,,,20,,
800,해외건설업(전문건설업-조경식재공사업),미분류,표준,해외전문건설_조경식재시설물,조경식재,,,20,,
801,해외건설업(전문건설업-실내건축공사업),미분류,표준,해외전문건설_실내건축,해외전문건설_실내건축,,,20,,
802,해외건설업(종합건설업-토목건축공사업),미분류,표준,해외종합건설_토건,해외종합건설_토건,,,20,,
803,신·재생에너지설비설치전문기업(수력),미분류,표준,신재생_수력,신재생_수력,,,19,,
804,신·재생에너지설비설치전문기업(풍력),미분류,표준,신재생_풍력,신재생_풍력,,,19,,
805,전문광해방지사업(오염수질의개선사업),미분류,표준,광해방지_오염수질개선,광해방지_오염수질개선,,,19,,
806,해외건설업(전문건설업-도장공사업),미분류,표준,해외전문건설_도장습식방수석공,도장,,,18,,
807,해외건설업(전문건설업-수중공사업),미분류,표준,해외전문건설_수중준설,수중,,,18,,
808,해외건설업(전문건설업-준설공사업),미분류,표준,해외전문건설_수중준설,준설,,,18,,
809,해외건설업(전문건설업-포장공사업),미분류,표준,해외전문건설_지반조성포장,포장,,,18,,
810,해외건설업(종합건설업-건축공사업),미분류,표준,해외종합건설_건축,해외종합건설_건축,,,18,,
811,해외건설업(종합건설업-조경공사업),미분류,표준,해외종합건설_조경,해외종합건설_조경,,,18,,
812,해외건설업(종합건설업-토목공사업),미분류,표준,해외종합건설_토목,해외종합건설_토목,,,18,,
813,해외건설업(전문건설업-석공사업),미분류,표준,해외전문건설_도장습식방수석공,석공,,,17,,
814,해외건설업(전문건설업-토공사업),미분류,표준,해외전문건설_지반조성포장,토공,,,17,,
815,"골재채취업(바다골재선별, 세척)",미분류,표준,골재채취_바다골재선별세척,골재채취_바다골재선별세척,,,17,,
816,해외건설업(해외공사수주및개발업),미분류,표준,해외건설_수주개발,해외건설_수주개발,,,17,,
817,엔지니어링 사업자(전기설비분야),미분류,표준,종합감리,종합감리,,,17,,
818,"골재채취업(골재선별, 파쇄)",미분류,표준,골재채취_골재선별파쇄,골재채취_골재선별파쇄,,,15,,
819,환경전문공사업(소음진동분야),미분류,표준,환경전문_소음진동,환경전문_소음진동,,,15,,
820,골재채취업(골재선별.파쇄),미분류,표준,골재채취_골재선별파쇄,골재채취_골재선별파쇄,,,14,,
821,환경전문공사(소음진동분야),미분류,표준,환경전문_소음진동,환경전문_소음진동,,,14,,
822,가축분뇨처리시설설계ㆍ시공업,미분류,표준,가축분뇨처리_설계시공,가축분뇨처리_설계시공,,,14,,
823,해외건설업(정보통신공사업),미분류,표준,해외기타건설_통신,해외기타건설_통신,,,14,,
824,해외건설업(환경전문공사업),미분류,표준,해외기타건설_환경전문,해외기타건설_환경전문,,,14,,
825,환경전문공사업(수질분야),미분류,표준,환경전문_수질,환경전문_수질,,,13,,
826,환경전문공사업(대기분야),미분류,표준,환경전문_대기,환경전문_대기,,,13,,
827,환경부문(자연‧토양환경),미분류,표준,환경전문_자연토양,환경전문_자연토양,,,13,,
828,환경전문공사(수질분야),미분류,표준,환경전문_수질,환경전문_수질,,,12,,
829,수질분야 환경전문공사업,미분류,표준,환경전문_수질,환경전문_수질,,,12,,
830,감리전문회사(종합감리),미분류,표준,종합감리,종합감리,,,12,,
831,환경전문공사(대기분야),미분류,표준,환경전문_대기,환경전문_대기,,,12,,
832,산림사업법인(나무병원),미분류,표준,나무병원1종,나무병원1종,,,12,,
833,해외건설업(전기공사업),미분류,표준,해외기타건설_전기,해외기타건설_전기,,,12,,
834,감리전문회사(건축감리),미분류,표준,전문감리_건축,전문감리_건축,,,12,,
835,감리전문회사(토목감리),미분류,표준,전문감리_토목,전문감리_토목,,,12,,
836,환경전문공사업수질분야,미분류,표준,환경전문_수질,환경전문_수질,,,11,,
837,환경부문(소음·진동),미분류,표준,환경전문_소음진동,환경전문_소음진동,,,11,,
838,골재채취업(바다골재),미분류,표준,골재채취_바다골재,골재채취_바다골재,,,11,,
839,골재채취업(산림골재),미분류,표준,골재채취_산림골재,골재채취_산림골재,,,11,,
840,골재채취업(수중골재),미분류,표준,골재채취_수중골재,골재채취_수중골재,,,11,,
841,골재채취업(육상골재),미분류,표준,골재채취_육상골재,골재채취_육상골재,,,11,,
842,지하수개발·이용시공업,미분류,표준,지하수개발,지하수개발,,,11,,
843,지하수개발 이용시공업,미분류,표준,지하수개발,지하수개발,,,11,,
844,환경부문(폐기물처리),미분류,표준,환경전문_폐기물,환경전문_폐기물,,,11,,
845,환경부문(수질관리),미분류,표준,환경전문_수질,환경전문_수질,,,10,,
846,환경부문(대기관리),미분류,표준,환경전문_대기,환경전문_대기,,,10,,
847,에너지절약전문기업,미분류,표준,에너지절약전문기업,에너지절약전문기업,,,9,,
848,나무병원(1종),미분류,표준,나무병원1종,나무병원1종,,,8,,
849,나무병원(2종),미분류,표준,나무병원2종,나무병원2종,,,8,,
850,어장정화ㆍ정비업,미분류,표준,어장정화,어장정화,,,8,,
851,어장정화·정비업,미분류,표준,어장정화,어장정화,,,8,,
852,전문광해방지사업,미분류,표준,광해방지,광해방지,,,8,,
853,환경분야 시험,미분류,표준,환경전문_수질,환경전문_수질,,,7,,
854,나무병원 1종,미분류,표준,나무병원1종,나무병원1종,,,7,,
855,어장정화정비업,미분류,표준,어장정화,어장정화,,,7,,
856,가축분뇨처리업,미분류,표준,가축분뇨처리,가축분뇨처리,,,7,,
857,환경전문공사업,미분류,표준,환경전문,환경전문,,,7,,
858,나무병원1종,미분류,표준,나무병원1종,나무병원1종,,,6,,
859,개인하수처리,미분류,표준,개인하수처리,개인하수처리,,,6,,
860,옥외광고사업,미분류,표준,옥외광고,옥외광고,,,6,,
861,지하수정화업,미분류,표준,지하수정화,지하수정화,,,6,,
862,업종조건없음,미분류,표준,,,,,6,,
863,감리전문회사,미분류,표준,전문감리,전문감리,,,6,,
864,소음·진동,미분류,표준,환경전문_소음진동,환경전문_소음진동,,,5,,
865,나무병원종,미분류,표준,나무병원1종,나무병원1종,,,5,,
866,나무병원업,미분류,표준,나무병원1종,나무병원1종,,,5,,
867,종합감리업,미분류,표준,전문감리,전문감리,,,5,,
868,토양정화업,미분류,표준,토양정화,토양정화,,,5,,
869,전문감리업,미분류,표준,감리,감리,,,5,,
870,대기관리,미분류,표준,환경전문_대기,환경전문_대기,,,4,,
871,나무병원,미분류,표준,나무병원1종,나무병원1종,,,4,,
872,광해방지,미분류,표준,광해방지,광해방지,,,4,,
873,옥외광고,미분류,표준,옥외광고,옥외광고,,,4,,
874,토양정화,미분류,표준,토양정화,토양정화,,,4,,
875,골재채취,미분류,표준,골재채취,골재채취,,,4,,
876,지하수,미분류,표준,지하수,지하수,,,3,,
877,해외,미분류,표준,해외건설업,해외건설업,,,2,,
